supplier_id,supplier_name,material_id,in_master,po_count,short_pct,avg_days_late,billing_gap_inr,excess_gap_inr,rejection_loss_inr,short_flag,low_sample,tier,supplier_composite
VS01,Jindal Steel & Power,Angles & Channels,False,8.0,0.72,1.88,144307.99,45170.13,0.0,False,False,ACCEPTABLE,99.55
VS01,Jindal Steel & Power,Fasteners & Fittings,False,5.0,0.46,1.8,61154.3,-3437.94,0.0,False,False,ACCEPTABLE,99.55
VS01,Jindal Steel & Power,GI Pipes,False,11.0,0.37,1.27,71319.0,-30615.63,0.0,False,False,ACCEPTABLE,99.55
VS01,Jindal Steel & Power,GI Sheets,False,7.0,0.52,0.86,82624.05,2665.36,0.0,False,False,ACCEPTABLE,99.55
VS01,Jindal Steel & Power,GI Wire,False,9.0,0.61,1.22,85596.16,11240.36,0.0,False,False,ACCEPTABLE,99.55
VS01,Jindal Steel & Power,HR Coils,False,6.0,0.4,2.17,43440.17,-17164.52,0.0,False,False,ACCEPTABLE,99.55
VS01,Jindal Steel & Power,Hex Bars,False,6.0,0.44,1.67,86108.02,-9363.65,0.0,False,False,ACCEPTABLE,99.55
VS01,Jindal Steel & Power,MS Flats,False,7.0,0.37,1.29,41893.18,-13092.08,0.0,False,False,ACCEPTABLE,99.55
VS01,Jindal Steel & Power,MS Rods,False,6.0,0.3,0.83,21209.17,-12884.67,0.0,False,False,ACCEPTABLE,99.55
VS01,Jindal Steel & Power,MS Sheets,False,10.0,0.58,1.4,108726.98,5451.32,0.0,False,False,ACCEPTABLE,99.55
VS01,Jindal Steel & Power,SS Pipes,False,4.0,0.59,1.25,23960.99,-1979.24,0.0,False,True,ACCEPTABLE,99.55
VS01,Jindal Steel & Power,SS Sheets,False,10.0,0.48,2.1,111287.42,-5662.39,0.0,False,False,ACCEPTABLE,99.55
VS01,Jindal Steel & Power,Spring Steel,False,4.0,0.64,1.0,61601.04,13869.11,0.0,False,True,ACCEPTABLE,99.55
VS01,Jindal Steel & Power,Square/Rect Tubes,False,11.0,0.69,2.0,174748.04,44494.18,0.0,False,False,ACCEPTABLE,99.55
VS01,Jindal Steel & Power,Structural Steel,False,8.0,0.39,1.75,55931.41,-13070.03,0.0,False,False,ACCEPTABLE,99.55
VS01,Jindal Steel & Power,CR Sheets,True,11.0,0.57,2.09,161075.1,16815.97,0.0,False,False,ACCEPTABLE,99.55
VS01,Jindal Steel & Power,ERW Pipes,True,13.0,0.43,1.54,167961.83,-21574.23,0.0,False,False,ACCEPTABLE,99.55
VS01,Jindal Steel & Power,MS Pipes,True,6.0,0.55,0.67,69233.26,-3295.97,0.0,False,False,ACCEPTABLE,99.55
VS02,SAIL Distribution,Angles & Channels,False,6.0,0.54,1.83,90162.82,-5885.39,0.0,False,False,ACCEPTABLE,100.0
VS02,SAIL Distribution,CR Sheets,False,5.0,0.33,1.6,21142.07,-10395.93,0.0,False,False,ACCEPTABLE,100.0
VS02,SAIL Distribution,ERW Pipes,False,8.0,0.58,1.25,101359.51,12174.25,0.0,False,False,ACCEPTABLE,100.0
VS02,SAIL Distribution,Fasteners & Fittings,False,7.0,0.29,2.0,36501.12,-27294.38,0.0,False,False,ACCEPTABLE,100.0
VS02,SAIL Distribution,GI Pipes,False,9.0,0.47,1.11,116346.43,-2823.78,0.0,False,False,ACCEPTABLE,100.0
VS02,SAIL Distribution,GI Sheets,False,6.0,0.6,1.5,50105.58,5669.23,0.0,False,False,ACCEPTABLE,100.0
VS02,SAIL Distribution,HR Coils,False,10.0,0.49,2.1,120277.77,-13081.63,0.0,False,False,ACCEPTABLE,100.0
VS02,SAIL Distribution,Hex Bars,False,9.0,0.52,0.89,80377.75,4196.52,0.0,False,False,ACCEPTABLE,100.0
VS02,SAIL Distribution,MS Flats,False,19.0,0.6,1.16,251374.72,42348.7,0.0,False,False,ACCEPTABLE,100.0
VS02,SAIL Distribution,MS Pipes,False,9.0,0.54,1.56,111617.94,3264.03,0.0,False,False,ACCEPTABLE,100.0
VS02,SAIL Distribution,MS Rods,False,10.0,0.56,2.0,127096.43,12200.39,0.0,False,False,ACCEPTABLE,100.0
VS02,SAIL Distribution,MS Sheets,False,6.0,0.6,1.0,46878.12,6774.05,0.0,False,False,ACCEPTABLE,100.0
VS02,SAIL Distribution,SS Sheets,False,5.0,0.44,1.4,36001.1,-741.22,0.0,False,False,ACCEPTABLE,100.0
VS02,SAIL Distribution,Square/Rect Tubes,False,3.0,0.41,1.67,51054.18,-4586.38,0.0,False,True,ACCEPTABLE,100.0
VS02,SAIL Distribution,Structural Steel,False,6.0,0.48,1.67,63496.08,-6870.37,0.0,False,False,ACCEPTABLE,100.0
VS02,SAIL Distribution,GI Wire,True,3.0,0.38,0.33,56082.7,-20572.64,0.0,False,True,ACCEPTABLE,100.0
VS02,SAIL Distribution,SS Pipes,True,9.0,0.69,1.78,147976.98,39368.6,0.0,False,False,ACCEPTABLE,100.0
VS02,SAIL Distribution,Spring Steel,True,12.0,0.45,1.08,122676.55,-26325.52,0.0,False,False,ACCEPTABLE,100.0
VS03,Tata Steel Service,Angles & Channels,False,8.0,3.29,5.0,433022.48,363811.43,250858.48,True,False,POOR,10.78
VS03,Tata Steel Service,CR Sheets,False,4.0,4.05,3.5,243180.96,212446.93,159394.5,True,True,POOR,10.78
VS03,Tata Steel Service,ERW Pipes,False,10.0,3.59,3.8,598366.87,513384.92,310204.49,True,False,POOR,10.78
VS03,Tata Steel Service,Fasteners & Fittings,False,5.0,3.87,5.2,445738.58,386333.11,284814.17,True,False,POOR,10.78
VS03,Tata Steel Service,GI Pipes,False,9.0,3.23,4.67,715537.97,599654.67,529668.51,True,False,POOR,10.78
VS03,Tata Steel Service,GI Sheets,False,8.0,4.02,5.38,529837.41,460974.51,309152.02,True,False,POOR,10.78
VS03,Tata Steel Service,GI Wire,False,11.0,3.67,6.0,826353.26,713210.32,503383.02,True,False,POOR,10.78
VS03,Tata Steel Service,HR Coils,False,6.0,3.65,3.83,470373.64,406573.58,330984.84,True,False,POOR,10.78
VS03,Tata Steel Service,MS Flats,False,12.0,3.76,5.25,992037.07,852092.78,855848.19,True,False,POOR,10.78
VS03,Tata Steel Service,MS Pipes,False,8.0,3.55,6.25,666669.63,568726.25,514330.8,True,False,POOR,10.78
VS03,Tata Steel Service,MS Rods,False,10.0,3.52,4.6,896651.58,764902.86,607263.53,True,False,POOR,10.78
VS03,Tata Steel Service,MS Sheets,False,6.0,3.3,4.83,594538.96,500372.81,381080.01,True,False,POOR,10.78
VS03,Tata Steel Service,SS Pipes,False,9.0,3.15,4.56,730936.65,610546.26,604370.87,True,False,POOR,10.78
VS03,Tata Steel Service,SS Sheets,False,7.0,3.26,3.86,488165.49,411187.71,348052.59,True,False,POOR,10.78
VS03,Tata Steel Service,Spring Steel,False,4.0,3.6,4.75,334536.1,287846.76,232412.5,True,True,POOR,10.78
VS03,Tata Steel Service,Square/Rect Tubes,False,7.0,3.66,3.86,367183.79,316732.23,321741.64,True,False,POOR,10.78
VS03,Tata Steel Service,Structural Steel,False,7.0,3.27,4.14,447303.41,376041.69,351354.05,True,False,POOR,10.78
VS03,Tata Steel Service,Hex Bars,True,10.0,3.4,6.0,654074.78,557418.27,465667.39,True,False,POOR,10.78
VS04,Shyam Metalics,Angles & Channels,False,10.0,0.58,1.1,107973.23,17781.09,0.0,False,False,ACCEPTABLE,99.66
VS04,Shyam Metalics,CR Sheets,False,4.0,0.57,2.5,82773.18,6829.59,0.0,False,True,ACCEPTABLE,99.66
VS04,Shyam Metalics,ERW Pipes,False,6.0,0.58,0.67,87365.08,13854.67,0.0,False,False,ACCEPTABLE,99.66
VS04,Shyam Metalics,Fasteners & Fittings,False,11.0,0.61,1.09,127886.92,21339.69,0.0,False,False,ACCEPTABLE,99.66
VS04,Shyam Metalics,GI Pipes,False,3.0,0.37,1.0,31026.19,-14316.43,0.0,False,True,ACCEPTABLE,99.66
VS04,Shyam Metalics,GI Sheets,False,5.0,0.63,1.4,60933.64,13998.24,0.0,False,False,ACCEPTABLE,99.66
VS04,Shyam Metalics,Hex Bars,False,12.0,0.56,1.08,127917.87,18184.27,0.0,False,False,ACCEPTABLE,99.66
VS04,Shyam Metalics,MS Flats,False,5.0,0.51,2.8,39086.94,-3027.7,0.0,False,False,ACCEPTABLE,99.66
VS04,Shyam Metalics,MS Pipes,False,10.0,0.44,2.2,81677.76,-10347.94,0.0,False,False,ACCEPTABLE,99.66
VS04,Shyam Metalics,MS Rods,False,8.0,0.49,1.38,97646.64,-4528.75,0.0,False,False,ACCEPTABLE,99.66
VS04,Shyam Metalics,MS Sheets,False,5.0,0.52,1.2,41667.53,2135.52,0.0,False,False,ACCEPTABLE,99.66
VS04,Shyam Metalics,SS Pipes,False,6.0,0.43,1.83,53372.24,-7824.64,0.0,False,False,ACCEPTABLE,99.66
VS04,Shyam Metalics,SS Sheets,False,4.0,0.68,0.75,51344.85,11884.68,0.0,False,True,ACCEPTABLE,99.66
VS04,Shyam Metalics,Square/Rect Tubes,False,7.0,0.58,1.0,64106.69,5061.11,0.0,False,False,ACCEPTABLE,99.66
VS04,Shyam Metalics,Structural Steel,False,6.0,0.45,1.17,29798.99,-3413.24,0.0,False,False,ACCEPTABLE,99.66
VS04,Shyam Metalics,GI Wire,True,7.0,0.41,1.57,47033.05,-14640.97,0.0,False,False,ACCEPTABLE,99.66
VS04,Shyam Metalics,HR Coils,True,11.0,0.51,1.09,125061.56,5479.07,0.0,False,False,ACCEPTABLE,99.66
VS04,Shyam Metalics,Spring Steel,True,5.0,0.8,1.6,78931.07,27470.8,0.0,False,False,ACCEPTABLE,99.66
VS05,Bhushan Steel,Angles & Channels,False,9.0,0.46,1.78,84751.3,-12029.54,0.0,False,False,ACCEPTABLE,99.24
VS05,Bhushan Steel,ERW Pipes,False,3.0,0.76,0.67,44968.69,15607.15,0.0,False,True,ACCEPTABLE,99.24
VS05,Bhushan Steel,Fasteners & Fittings,False,6.0,0.61,1.83,63864.65,15143.43,0.0,False,False,ACCEPTABLE,99.24
VS05,Bhushan Steel,GI Pipes,False,12.0,0.65,1.75,125084.8,28131.58,0.0,False,False,ACCEPTABLE,99.24
VS05,Bhushan Steel,GI Sheets,False,8.0,0.58,2.25,131272.2,14575.36,0.0,False,False,ACCEPTABLE,99.24
VS05,Bhushan Steel,HR Coils,False,7.0,0.59,2.29,64922.58,6416.55,0.0,False,False,ACCEPTABLE,99.24
VS05,Bhushan Steel,Hex Bars,False,8.0,0.57,1.5,93177.62,11359.57,0.0,False,False,ACCEPTABLE,99.24
VS05,Bhushan Steel,MS Pipes,False,6.0,0.47,1.5,42609.58,-7581.23,0.0,False,False,ACCEPTABLE,99.24
VS05,Bhushan Steel,MS Rods,False,7.0,0.46,2.29,81475.86,-6593.4,0.0,False,False,ACCEPTABLE,99.24
VS05,Bhushan Steel,MS Sheets,False,3.0,0.59,0.67,57693.87,6623.16,0.0,False,True,ACCEPTABLE,99.24
VS05,Bhushan Steel,SS Pipes,False,7.0,0.49,1.86,57912.63,-3948.74,0.0,False,False,ACCEPTABLE,99.24
VS05,Bhushan Steel,SS Sheets,False,7.0,0.55,1.71,53530.98,3859.69,0.0,False,False,ACCEPTABLE,99.24
VS05,Bhushan Steel,Spring Steel,False,5.0,0.33,1.4,36779.36,-21018.29,0.0,False,False,ACCEPTABLE,99.24
VS05,Bhushan Steel,Square/Rect Tubes,False,14.0,0.57,1.0,184798.53,26507.68,0.0,False,False,ACCEPTABLE,99.24
VS05,Bhushan Steel,Structural Steel,False,11.0,0.44,1.27,116099.22,-12504.22,0.0,False,False,ACCEPTABLE,99.24
VS05,Bhushan Steel,CR Sheets,True,12.0,0.5,0.67,148558.58,-13594.51,0.0,False,False,ACCEPTABLE,99.24
VS05,Bhushan Steel,GI Wire,True,4.0,0.53,2.25,43729.08,-998.13,0.0,False,True,ACCEPTABLE,99.24
VS05,Bhushan Steel,MS Flats,True,8.0,0.78,2.0,116832.3,42379.85,0.0,False,False,ACCEPTABLE,99.24
VS06,APL Apollo Tubes,Angles & Channels,False,5.0,0.56,1.8,57681.09,6225.88,0.0,False,False,ACCEPTABLE,96.93
VS06,APL Apollo Tubes,CR Sheets,False,4.0,0.67,1.0,61200.9,15611.2,0.0,False,True,ACCEPTABLE,96.93
VS06,APL Apollo Tubes,ERW Pipes,False,4.0,0.37,2.0,42609.68,-11823.46,0.0,False,True,ACCEPTABLE,96.93
VS06,APL Apollo Tubes,Fasteners & Fittings,False,10.0,0.36,1.1,82436.02,-24963.78,0.0,False,False,ACCEPTABLE,96.93
VS06,APL Apollo Tubes,GI Pipes,False,9.0,0.6,1.89,140127.73,18739.66,0.0,False,False,ACCEPTABLE,96.93
VS06,APL Apollo Tubes,GI Sheets,False,3.0,0.37,2.33,25146.82,-10702.92,0.0,False,True,ACCEPTABLE,96.93
VS06,APL Apollo Tubes,GI Wire,False,11.0,0.63,2.0,154981.1,25505.94,0.0,False,False,ACCEPTABLE,96.93
VS06,APL Apollo Tubes,HR Coils,False,5.0,0.28,1.0,32317.87,-21300.67,0.0,False,False,ACCEPTABLE,96.93
VS06,APL Apollo Tubes,Hex Bars,False,6.0,0.61,0.5,110042.99,23658.03,0.0,False,False,ACCEPTABLE,96.93
VS06,APL Apollo Tubes,MS Flats,False,17.0,0.41,1.41,171742.42,-52532.23,0.0,False,False,ACCEPTABLE,96.93
VS06,APL Apollo Tubes,MS Pipes,False,5.0,0.61,2.0,64079.8,7396.25,0.0,False,False,ACCEPTABLE,96.93
VS06,APL Apollo Tubes,MS Sheets,False,13.0,0.41,1.23,68352.9,-14637.84,0.0,False,False,ACCEPTABLE,96.93
VS06,APL Apollo Tubes,SS Pipes,False,11.0,0.6,2.0,108638.47,15905.84,0.0,False,False,ACCEPTABLE,96.93
VS06,APL Apollo Tubes,SS Sheets,False,12.0,0.64,1.08,155020.94,31755.4,0.0,False,False,ACCEPTABLE,96.93
VS06,APL Apollo Tubes,Spring Steel,False,11.0,0.44,1.27,133110.27,-17759.64,0.0,False,False,ACCEPTABLE,96.93
VS06,APL Apollo Tubes,Square/Rect Tubes,False,6.0,0.26,2.33,56553.37,-53377.91,0.0,False,False,ACCEPTABLE,96.93
VS06,APL Apollo Tubes,Structural Steel,False,7.0,0.4,1.43,82405.02,-13476.39,0.0,False,False,ACCEPTABLE,96.93
VS06,APL Apollo Tubes,MS Rods,True,7.0,0.24,1.43,48342.0,-54296.35,0.0,False,False,ACCEPTABLE,96.93
VS07,Prakash Industries,Angles & Channels,False,3.0,0.12,1.0,7644.89,-22430.34,0.0,False,True,ACCEPTABLE,99.88
VS07,Prakash Industries,CR Sheets,False,11.0,0.56,1.27,164313.68,7264.3,0.0,False,False,ACCEPTABLE,99.88
VS07,Prakash Industries,ERW Pipes,False,8.0,0.7,1.38,111551.02,28786.99,0.0,False,False,ACCEPTABLE,99.88
VS07,Prakash Industries,GI Pipes,False,10.0,0.51,1.7,77400.41,-599.68,0.0,False,False,ACCEPTABLE,99.88
VS07,Prakash Industries,GI Sheets,False,11.0,0.61,1.91,156380.93,26742.37,0.0,False,False,ACCEPTABLE,99.88
VS07,Prakash Industries,GI Wire,False,10.0,0.45,0.9,75343.01,-14124.23,0.0,False,False,ACCEPTABLE,99.88
VS07,Prakash Industries,HR Coils,False,13.0,0.61,1.62,141630.71,23195.46,0.0,False,False,ACCEPTABLE,99.88
VS07,Prakash Industries,Hex Bars,False,8.0,0.59,0.88,126758.04,20318.51,0.0,False,False,ACCEPTABLE,99.88
VS07,Prakash Industries,MS Flats,False,12.0,0.5,1.17,100284.22,-684.82,0.0,False,False,ACCEPTABLE,99.88
VS07,Prakash Industries,MS Pipes,False,8.0,0.51,1.75,48552.45,-5534.48,0.0,False,False,ACCEPTABLE,99.88
VS07,Prakash Industries,MS Rods,False,13.0,0.4,1.15,106005.61,-24038.23,0.0,False,False,ACCEPTABLE,99.88
VS07,Prakash Industries,MS Sheets,False,7.0,0.39,1.43,55438.51,-17615.39,0.0,False,False,ACCEPTABLE,99.88
VS07,Prakash Industries,SS Pipes,False,5.0,0.71,1.4,66315.17,15684.01,0.0,False,False,ACCEPTABLE,99.88
VS07,Prakash Industries,SS Sheets,False,9.0,0.61,2.0,96563.27,12295.07,0.0,False,False,ACCEPTABLE,99.88
VS07,Prakash Industries,Spring Steel,False,8.0,0.37,1.88,48499.06,-22375.95,0.0,False,False,ACCEPTABLE,99.88
VS07,Prakash Industries,Square/Rect Tubes,False,8.0,0.54,1.62,107646.61,6330.58,0.0,False,False,ACCEPTABLE,99.88
VS07,Prakash Industries,Structural Steel,False,9.0,0.53,1.89,107084.03,12378.28,0.0,False,False,ACCEPTABLE,99.88
VS07,Prakash Industries,Fasteners & Fittings,True,13.0,0.32,2.0,84844.34,-49259.42,0.0,False,False,ACCEPTABLE,99.88
VS08,Ratnamani Metals,CR Sheets,False,8.0,0.39,1.75,69265.96,-19006.88,0.0,False,False,ACCEPTABLE,100.0
VS08,Ratnamani Metals,ERW Pipes,False,7.0,0.51,1.57,78076.23,5754.95,0.0,False,False,ACCEPTABLE,100.0
VS08,Ratnamani Metals,Fasteners & Fittings,False,15.0,0.42,1.47,99780.64,-29670.68,0.0,False,False,ACCEPTABLE,100.0
VS08,Ratnamani Metals,GI Pipes,False,3.0,0.41,1.0,28997.75,-7377.68,0.0,False,True,ACCEPTABLE,100.0
VS08,Ratnamani Metals,GI Wire,False,10.0,0.57,1.3,98972.13,10341.87,0.0,False,False,ACCEPTABLE,100.0
VS08,Ratnamani Metals,HR Coils,False,8.0,0.44,2.0,46549.83,-16369.63,0.0,False,False,ACCEPTABLE,100.0
VS08,Ratnamani Metals,Hex Bars,False,13.0,0.45,0.85,137636.45,-18940.02,0.0,False,False,ACCEPTABLE,100.0
VS08,Ratnamani Metals,MS Flats,False,5.0,0.41,1.4,77574.23,-19285.8,0.0,False,False,ACCEPTABLE,100.0
VS08,Ratnamani Metals,MS Pipes,False,9.0,0.38,1.11,78869.93,-33216.69,0.0,False,False,ACCEPTABLE,100.0
VS08,Ratnamani Metals,MS Rods,False,9.0,0.59,1.44,97816.75,9654.01,0.0,False,False,ACCEPTABLE,100.0
VS08,Ratnamani Metals,MS Sheets,False,13.0,0.54,1.92,195156.27,5245.14,0.0,False,False,ACCEPTABLE,100.0
VS08,Ratnamani Metals,SS Pipes,False,7.0,0.49,1.14,92278.38,-1735.32,0.0,False,False,ACCEPTABLE,100.0
VS08,Ratnamani Metals,Spring Steel,False,16.0,0.54,1.88,188006.12,19132.21,0.0,False,False,ACCEPTABLE,100.0
VS08,Ratnamani Metals,Square/Rect Tubes,False,9.0,0.44,1.11,81995.58,-19025.77,0.0,False,False,ACCEPTABLE,100.0
VS08,Ratnamani Metals,Structural Steel,False,8.0,0.52,1.62,97631.18,1289.49,0.0,False,False,ACCEPTABLE,100.0
VS08,Ratnamani Metals,Angles & Channels,True,7.0,0.59,1.71,110454.79,13359.63,0.0,False,False,ACCEPTABLE,100.0
VS08,Ratnamani Metals,GI Sheets,True,7.0,0.4,1.71,68005.21,-27234.31,0.0,False,False,ACCEPTABLE,100.0
VS08,Ratnamani Metals,SS Sheets,True,17.0,0.58,1.35,166187.92,21312.97,0.0,False,False,ACCEPTABLE,100.0
VS09,MSP Steel,Angles & Channels,False,6.0,0.2,1.33,32208.21,-52464.87,0.0,False,False,ACCEPTABLE,95.93
VS09,MSP Steel,CR Sheets,False,5.0,0.72,1.8,20924.56,5488.03,0.0,False,False,ACCEPTABLE,95.93
VS09,MSP Steel,ERW Pipes,False,9.0,0.46,1.67,111025.75,-6947.35,0.0,False,False,ACCEPTABLE,95.93
VS09,MSP Steel,Fasteners & Fittings,False,8.0,0.52,1.75,117940.46,19172.59,0.0,False,False,ACCEPTABLE,95.93
VS09,MSP Steel,GI Pipes,False,3.0,0.68,2.0,29359.37,3354.78,0.0,False,True,ACCEPTABLE,95.93
VS09,MSP Steel,GI Sheets,False,9.0,0.49,1.67,102166.2,-10910.67,0.0,False,False,ACCEPTABLE,95.93
VS09,MSP Steel,GI Wire,False,8.0,0.21,1.75,38454.82,-56653.72,0.0,False,False,ACCEPTABLE,95.93
VS09,MSP Steel,Hex Bars,False,13.0,0.52,1.31,120992.56,-5356.9,0.0,False,False,ACCEPTABLE,95.93
VS09,MSP Steel,MS Flats,False,10.0,0.42,1.3,109511.97,-28697.74,0.0,False,False,ACCEPTABLE,95.93
VS09,MSP Steel,MS Pipes,False,9.0,0.48,1.33,112563.35,-3311.28,0.0,False,False,ACCEPTABLE,95.93
VS09,MSP Steel,MS Rods,False,10.0,0.2,1.2,32701.33,-43604.13,0.0,False,False,ACCEPTABLE,95.93
VS09,MSP Steel,MS Sheets,False,5.0,0.32,2.0,26016.05,-16183.88,0.0,False,False,ACCEPTABLE,95.93
VS09,MSP Steel,SS Sheets,False,8.0,0.58,1.5,82639.12,8001.59,0.0,False,False,ACCEPTABLE,95.93
VS09,MSP Steel,Spring Steel,False,8.0,0.48,0.5,99710.36,-465.17,0.0,False,False,ACCEPTABLE,95.93
VS09,MSP Steel,Square/Rect Tubes,False,5.0,0.5,1.6,69966.07,7338.22,0.0,False,False,ACCEPTABLE,95.93
VS09,MSP Steel,Structural Steel,False,10.0,0.58,1.2,101653.92,9002.5,0.0,False,False,ACCEPTABLE,95.93
VS09,MSP Steel,HR Coils,True,10.0,0.41,2.3,78908.91,-14607.47,0.0,False,False,ACCEPTABLE,95.93
VS09,MSP Steel,SS Pipes,True,13.0,0.54,1.85,131817.69,5711.32,0.0,False,False,ACCEPTABLE,95.93
VS10,Gallantt Metal,CR Sheets,False,9.0,0.52,1.11,77083.54,-3966.12,0.0,False,False,ACCEPTABLE,97.86
VS10,Gallantt Metal,ERW Pipes,False,6.0,0.46,1.17,62015.76,-533.85,0.0,False,False,ACCEPTABLE,97.86
VS10,Gallantt Metal,Fasteners & Fittings,False,11.0,0.51,1.27,119058.0,-2907.45,0.0,False,False,ACCEPTABLE,97.86
VS10,Gallantt Metal,GI Pipes,False,8.0,0.69,1.88,95065.93,22078.55,0.0,False,False,ACCEPTABLE,97.86
VS10,Gallantt Metal,GI Sheets,False,7.0,0.52,1.29,86549.46,1727.44,0.0,False,False,ACCEPTABLE,97.86
VS10,Gallantt Metal,GI Wire,False,8.0,0.75,1.12,115657.45,37000.8,0.0,False,False,ACCEPTABLE,97.86
VS10,Gallantt Metal,HR Coils,False,9.0,0.58,1.22,137615.92,13682.82,0.0,False,False,ACCEPTABLE,97.86
VS10,Gallantt Metal,Hex Bars,False,3.0,0.4,1.0,29034.9,-11618.79,0.0,False,True,ACCEPTABLE,97.86
VS10,Gallantt Metal,MS Flats,False,5.0,0.62,1.4,95356.89,12926.85,0.0,False,False,ACCEPTABLE,97.86
VS10,Gallantt Metal,MS Pipes,False,9.0,0.58,1.67,80193.56,5373.91,0.0,False,False,ACCEPTABLE,97.86
VS10,Gallantt Metal,MS Rods,False,12.0,0.58,1.42,92574.99,9214.77,0.0,False,False,ACCEPTABLE,97.86
VS10,Gallantt Metal,SS Pipes,False,8.0,0.5,2.5,92511.5,-6259.36,0.0,False,False,ACCEPTABLE,97.86
VS10,Gallantt Metal,SS Sheets,False,11.0,0.58,1.82,140919.81,15101.99,0.0,False,False,ACCEPTABLE,97.86
VS10,Gallantt Metal,Spring Steel,False,8.0,0.43,1.38,83749.13,-27282.07,0.0,False,False,ACCEPTABLE,97.86
VS10,Gallantt Metal,Square/Rect Tubes,False,11.0,0.46,1.55,119703.79,-10844.1,0.0,False,False,ACCEPTABLE,97.86
VS10,Gallantt Metal,Structural Steel,False,8.0,0.46,1.62,72327.05,-16124.42,0.0,False,False,ACCEPTABLE,97.86
VS10,Gallantt Metal,Angles & Channels,True,7.0,0.72,1.14,112398.89,34552.5,0.0,False,False,ACCEPTABLE,97.86
VS10,Gallantt Metal,MS Sheets,True,9.0,0.37,2.22,38393.5,-15266.18,0.0,False,False,ACCEPTABLE,97.86
VS11,Sai Steel,Angles & Channels,False,7.0,0.4,1.43,48246.04,-14668.01,0.0,False,False,ACCEPTABLE,96.97
VS11,Sai Steel,CR Sheets,False,6.0,0.43,2.0,44873.06,-15821.0,0.0,False,False,ACCEPTABLE,96.97
VS11,Sai Steel,ERW Pipes,False,9.0,0.66,1.67,119132.88,30072.68,0.0,False,False,ACCEPTABLE,96.97
VS11,Sai Steel,Fasteners & Fittings,False,8.0,0.53,2.0,91475.31,5265.79,0.0,False,False,ACCEPTABLE,96.97
VS11,Sai Steel,GI Pipes,False,13.0,0.39,1.38,66260.24,-21098.21,0.0,False,False,ACCEPTABLE,96.97
VS11,Sai Steel,GI Sheets,False,2.0,0.71,2.0,42881.82,13035.29,0.0,False,True,ACCEPTABLE,96.97
VS11,Sai Steel,GI Wire,False,8.0,0.52,1.12,75275.44,1999.53,0.0,False,False,ACCEPTABLE,96.97
VS11,Sai Steel,Hex Bars,False,9.0,0.69,1.0,175649.2,43328.87,0.0,False,False,ACCEPTABLE,96.97
VS11,Sai Steel,MS Flats,False,9.0,0.42,1.44,77358.48,-19455.75,0.0,False,False,ACCEPTABLE,96.97
VS11,Sai Steel,MS Pipes,False,10.0,0.55,1.5,95212.93,7814.85,0.0,False,False,ACCEPTABLE,96.97
VS11,Sai Steel,MS Rods,False,13.0,0.51,1.46,119428.76,-5808.42,0.0,False,False,ACCEPTABLE,96.97
VS11,Sai Steel,SS Sheets,False,7.0,0.48,1.57,55954.52,-4685.43,0.0,False,False,ACCEPTABLE,96.97
VS11,Sai Steel,Spring Steel,False,4.0,0.42,2.75,57116.66,-11448.88,0.0,False,True,ACCEPTABLE,96.97
VS11,Sai Steel,Square/Rect Tubes,False,7.0,0.25,1.86,21022.79,-15361.63,0.0,False,False,ACCEPTABLE,96.97
VS11,Sai Steel,Structural Steel,False,4.0,0.59,2.0,49590.84,10627.35,0.0,False,True,ACCEPTABLE,96.97
VS11,Sai Steel,HR Coils,True,6.0,0.59,2.17,59625.15,4850.34,0.0,False,False,ACCEPTABLE,96.97
VS11,Sai Steel,MS Sheets,True,3.0,0.45,1.0,20298.97,-1154.22,0.0,False,True,ACCEPTABLE,96.97
VS11,Sai Steel,SS Pipes,True,11.0,0.39,1.82,113033.31,-38410.48,0.0,False,False,ACCEPTABLE,96.97
VS12,Nutan Tubes,Angles & Channels,False,4.0,3.54,5.75,295914.85,253417.87,169736.95,True,True,POOR,9.25
VS12,Nutan Tubes,CR Sheets,False,6.0,3.19,4.83,283914.73,238811.34,191930.43,True,False,POOR,9.25
VS12,Nutan Tubes,ERW Pipes,False,9.0,3.66,4.56,514298.35,443502.32,197537.82,True,False,POOR,9.25
VS12,Nutan Tubes,Fasteners & Fittings,False,6.0,3.63,6.0,451476.34,386783.15,388551.01,True,False,POOR,9.25
VS12,Nutan Tubes,GI Pipes,False,8.0,3.5,3.25,804229.75,689134.13,435713.8,True,False,POOR,9.25
VS12,Nutan Tubes,GI Sheets,False,9.0,3.7,4.33,717384.91,618456.43,404845.88,True,False,POOR,9.25
VS12,Nutan Tubes,GI Wire,False,5.0,3.36,6.4,347743.03,295289.84,355475.06,True,False,POOR,9.25
VS12,Nutan Tubes,Hex Bars,False,6.0,4.01,4.0,329966.89,287105.14,296682.54,True,False,POOR,9.25
VS12,Nutan Tubes,MS Pipes,False,7.0,3.0,6.71,443462.85,365799.16,257164.21,True,False,POOR,9.25
VS12,Nutan Tubes,MS Rods,False,9.0,4.01,5.22,1179076.66,1028823.83,771433.03,True,False,POOR,9.25
VS12,Nutan Tubes,MS Sheets,False,12.0,3.81,5.75,895219.08,775430.71,575435.81,True,False,POOR,9.25
VS12,Nutan Tubes,SS Pipes,False,9.0,3.01,4.78,793411.54,665234.66,947423.69,True,False,POOR,9.25
VS12,Nutan Tubes,SS Sheets,False,7.0,3.37,6.43,475391.68,407750.77,268826.64,True,False,POOR,9.25
VS12,Nutan Tubes,Square/Rect Tubes,False,5.0,2.93,5.4,246258.53,201261.96,218279.22,True,False,POOR,9.25
VS12,Nutan Tubes,Structural Steel,False,8.0,3.65,5.75,675186.87,574699.52,394106.09,True,False,POOR,9.25
VS12,Nutan Tubes,HR Coils,True,13.0,3.42,4.08,1213410.43,1025692.51,966041.08,True,False,POOR,9.25
VS12,Nutan Tubes,MS Flats,True,11.0,3.75,5.36,1017562.94,880320.51,719879.29,True,False,POOR,9.25
VS12,Nutan Tubes,Spring Steel,True,13.0,4.0,4.77,1250696.42,1089268.23,669704.62,True,False,POOR,9.25
VS13,Radhe Alloys,Angles & Channels,False,11.0,0.61,1.27,188332.4,28797.91,0.0,False,False,ACCEPTABLE,98.05
VS13,Radhe Alloys,ERW Pipes,False,6.0,0.49,1.5,47360.38,-5888.49,0.0,False,False,ACCEPTABLE,98.05
VS13,Radhe Alloys,Fasteners & Fittings,False,7.0,0.51,1.86,81759.62,11082.94,0.0,False,False,ACCEPTABLE,98.05
VS13,Radhe Alloys,GI Pipes,False,5.0,0.64,1.8,100109.21,17999.12,0.0,False,False,ACCEPTABLE,98.05
VS13,Radhe Alloys,GI Sheets,False,6.0,0.45,2.0,65675.47,-10462.05,0.0,False,False,ACCEPTABLE,98.05
VS13,Radhe Alloys,GI Wire,False,1.0,0.35,2.0,7631.92,-3643.09,0.0,False,True,ACCEPTABLE,98.05
VS13,Radhe Alloys,HR Coils,False,8.0,0.51,1.38,111555.61,4847.31,0.0,False,False,ACCEPTABLE,98.05
VS13,Radhe Alloys,Hex Bars,False,6.0,0.48,1.83,66814.74,3432.89,0.0,False,False,ACCEPTABLE,98.05
VS13,Radhe Alloys,MS Flats,False,5.0,0.76,1.0,102053.05,32432.49,0.0,False,False,ACCEPTABLE,98.05
VS13,Radhe Alloys,MS Pipes,False,10.0,0.24,1.2,33004.97,-40314.05,0.0,False,False,ACCEPTABLE,98.05
VS13,Radhe Alloys,MS Sheets,False,7.0,0.64,1.14,93961.79,17739.34,0.0,False,False,ACCEPTABLE,98.05
VS13,Radhe Alloys,SS Pipes,False,5.0,0.72,2.0,67726.37,21130.92,0.0,False,False,ACCEPTABLE,98.05
VS13,Radhe Alloys,SS Sheets,False,8.0,0.41,2.5,63963.63,-13825.44,0.0,False,False,ACCEPTABLE,98.05
VS13,Radhe Alloys,Spring Steel,False,5.0,0.64,1.6,58824.18,14662.26,0.0,False,False,ACCEPTABLE,98.05
VS13,Radhe Alloys,Square/Rect Tubes,False,8.0,0.46,1.12,77154.95,-915.79,0.0,False,False,ACCEPTABLE,98.05
VS13,Radhe Alloys,Structural Steel,False,5.0,0.45,1.6,40610.73,-4957.47,0.0,False,False,ACCEPTABLE,98.05
VS13,Radhe Alloys,CR Sheets,True,7.0,0.73,1.43,101181.39,30704.21,0.0,False,False,ACCEPTABLE,98.05
VS13,Radhe Alloys,MS Rods,True,9.0,0.52,1.89,110390.22,-3121.84,0.0,False,False,ACCEPTABLE,98.05
VS14,Sunrise Metals,Angles & Channels,False,12.0,0.35,1.25,60933.88,-29449.11,0.0,False,False,ACCEPTABLE,99.56
VS14,Sunrise Metals,CR Sheets,False,8.0,0.43,1.5,86185.86,-6482.56,0.0,False,False,ACCEPTABLE,99.56
VS14,Sunrise Metals,ERW Pipes,False,7.0,0.73,2.14,101291.1,28967.3,0.0,False,False,ACCEPTABLE,99.56
VS14,Sunrise Metals,Fasteners & Fittings,False,7.0,0.32,1.14,47132.04,-30076.76,0.0,False,False,ACCEPTABLE,99.56
VS14,Sunrise Metals,GI Pipes,False,9.0,0.59,1.67,94224.12,10757.31,0.0,False,False,ACCEPTABLE,99.56
VS14,Sunrise Metals,GI Sheets,False,8.0,0.45,1.38,87803.04,-19364.77,0.0,False,False,ACCEPTABLE,99.56
VS14,Sunrise Metals,GI Wire,False,7.0,0.54,1.71,100021.78,8663.37,0.0,False,False,ACCEPTABLE,99.56
VS14,Sunrise Metals,HR Coils,False,6.0,0.71,2.5,72213.21,19052.65,0.0,False,False,ACCEPTABLE,99.56
VS14,Sunrise Metals,Hex Bars,False,6.0,0.4,1.33,53390.34,-14562.32,0.0,False,False,ACCEPTABLE,99.56
VS14,Sunrise Metals,MS Flats,False,9.0,0.43,2.22,94796.29,-21025.02,0.0,False,False,ACCEPTABLE,99.56
VS14,Sunrise Metals,MS Pipes,False,5.0,0.28,1.4,42847.54,-29765.33,0.0,False,False,ACCEPTABLE,99.56
VS14,Sunrise Metals,MS Rods,False,9.0,0.62,1.44,71888.17,11309.57,0.0,False,False,ACCEPTABLE,99.56
VS14,Sunrise Metals,MS Sheets,False,5.0,0.67,1.2,19216.6,4211.79,0.0,False,False,ACCEPTABLE,99.56
VS14,Sunrise Metals,SS Pipes,False,7.0,0.32,2.29,39782.43,-23534.66,0.0,False,False,ACCEPTABLE,99.56
VS14,Sunrise Metals,SS Sheets,False,9.0,0.68,1.67,148198.43,39960.31,0.0,False,False,ACCEPTABLE,99.56
VS14,Sunrise Metals,Spring Steel,False,6.0,0.29,1.67,24122.34,-19371.37,0.0,False,False,ACCEPTABLE,99.56
VS14,Sunrise Metals,Square/Rect Tubes,False,12.0,0.31,1.0,52124.22,-32074.02,0.0,False,False,ACCEPTABLE,99.56
VS14,Sunrise Metals,Structural Steel,True,12.0,0.47,1.5,109400.98,-3614.48,0.0,False,False,ACCEPTABLE,99.56
VS15,Western Steel,Angles & Channels,False,5.0,0.76,1.4,80622.46,25993.08,0.0,False,False,ACCEPTABLE,96.91
VS15,Western Steel,CR Sheets,False,11.0,0.58,1.0,91355.24,4268.95,0.0,False,False,ACCEPTABLE,96.91
VS15,Western Steel,ERW Pipes,False,8.0,0.52,0.88,74563.92,5002.12,0.0,False,False,ACCEPTABLE,96.91
VS15,Western Steel,Fasteners & Fittings,False,10.0,0.51,1.9,119370.23,1623.92,0.0,False,False,ACCEPTABLE,96.91
VS15,Western Steel,GI Pipes,False,7.0,0.64,1.57,59947.25,10778.02,0.0,False,False,ACCEPTABLE,96.91
VS15,Western Steel,GI Sheets,False,7.0,0.52,1.29,92286.55,5073.63,0.0,False,False,ACCEPTABLE,96.91
VS15,Western Steel,GI Wire,False,9.0,0.48,1.78,90836.81,-13836.36,0.0,False,False,ACCEPTABLE,96.91
VS15,Western Steel,Hex Bars,False,11.0,0.51,1.27,87921.99,-596.97,0.0,False,False,ACCEPTABLE,96.91
VS15,Western Steel,MS Flats,False,11.0,0.51,2.09,148333.28,-1788.71,0.0,False,False,ACCEPTABLE,96.91
VS15,Western Steel,MS Pipes,False,9.0,0.49,1.78,103130.12,1009.52,0.0,False,False,ACCEPTABLE,96.91
VS15,Western Steel,MS Rods,False,7.0,0.51,1.14,78636.73,-7724.43,0.0,False,False,ACCEPTABLE,96.91
VS15,Western Steel,MS Sheets,False,9.0,0.71,1.67,64848.56,18223.32,0.0,False,False,ACCEPTABLE,96.91
VS15,Western Steel,SS Pipes,False,12.0,0.43,1.42,118410.75,-17742.16,0.0,False,False,ACCEPTABLE,96.91
VS15,Western Steel,SS Sheets,False,5.0,0.65,1.0,67061.79,21170.44,0.0,False,False,ACCEPTABLE,96.91
VS15,Western Steel,Spring Steel,False,8.0,0.51,0.88,121792.93,12337.38,0.0,False,False,ACCEPTABLE,96.91
VS15,Western Steel,Square/Rect Tubes,False,8.0,0.65,0.88,94951.06,20237.55,0.0,False,False,ACCEPTABLE,96.91
VS15,Western Steel,Structural Steel,False,2.0,0.65,2.5,31395.25,1234.6,0.0,False,True,ACCEPTABLE,96.91
VS15,Western Steel,HR Coils,True,13.0,0.44,1.46,108664.17,141.76,0.0,False,False,ACCEPTABLE,96.91
VS16,Garg Enterprises,CR Sheets,False,4.0,0.59,2.0,27484.07,4474.71,0.0,False,True,ACCEPTABLE,91.24
VS16,Garg Enterprises,ERW Pipes,False,5.0,0.45,2.0,40990.55,-4095.77,0.0,False,False,ACCEPTABLE,91.24
VS16,Garg Enterprises,Fasteners & Fittings,False,4.0,0.57,1.75,94639.32,13378.53,0.0,False,True,ACCEPTABLE,91.24
VS16,Garg Enterprises,GI Pipes,False,10.0,0.36,1.6,68767.91,-34810.99,0.0,False,False,ACCEPTABLE,91.24
VS16,Garg Enterprises,GI Sheets,False,6.0,0.43,1.83,62437.98,-8453.86,0.0,False,False,ACCEPTABLE,91.24
VS16,Garg Enterprises,GI Wire,False,13.0,0.7,1.54,205347.5,59017.81,0.0,False,False,ACCEPTABLE,91.24
VS16,Garg Enterprises,Hex Bars,False,12.0,0.4,2.17,103541.88,-11355.75,0.0,False,False,ACCEPTABLE,91.24
VS16,Garg Enterprises,MS Flats,False,8.0,0.52,2.38,99696.22,-7914.82,0.0,False,False,ACCEPTABLE,91.24
VS16,Garg Enterprises,MS Pipes,False,7.0,0.29,1.0,40999.87,-41158.31,0.0,False,False,ACCEPTABLE,91.24
VS16,Garg Enterprises,MS Sheets,False,7.0,0.38,1.0,70539.84,-31806.01,0.0,False,False,ACCEPTABLE,91.24
VS16,Garg Enterprises,SS Pipes,False,8.0,0.48,1.38,73598.16,-1271.97,0.0,False,False,ACCEPTABLE,91.24
VS16,Garg Enterprises,SS Sheets,False,8.0,0.56,1.88,67782.38,2277.14,0.0,False,False,ACCEPTABLE,91.24
VS16,Garg Enterprises,Spring Steel,False,8.0,0.65,1.38,144871.68,38580.22,0.0,False,False,ACCEPTABLE,91.24
VS16,Garg Enterprises,Square/Rect Tubes,False,6.0,0.58,1.5,80711.0,3108.47,0.0,False,False,ACCEPTABLE,91.24
VS16,Garg Enterprises,Structural Steel,False,9.0,0.34,1.33,69359.26,-37143.43,0.0,False,False,ACCEPTABLE,91.24
VS16,Garg Enterprises,Angles & Channels,True,5.0,0.66,2.0,71534.07,13638.94,0.0,False,False,ACCEPTABLE,91.24
VS16,Garg Enterprises,HR Coils,True,6.0,0.21,1.67,31520.02,-32733.57,0.0,False,False,ACCEPTABLE,91.24
VS16,Garg Enterprises,MS Rods,True,7.0,0.46,2.57,69399.36,-3315.46,0.0,False,False,ACCEPTABLE,91.24
VS17,Modern Metals,Angles & Channels,False,5.0,0.24,1.4,26677.3,-23506.95,0.0,False,False,ACCEPTABLE,98.82
VS17,Modern Metals,CR Sheets,False,2.0,0.5,1.5,33470.54,-852.92,0.0,False,True,ACCEPTABLE,98.82
VS17,Modern Metals,Fasteners & Fittings,False,4.0,0.61,1.75,34097.57,5037.32,0.0,False,True,ACCEPTABLE,98.82
VS17,Modern Metals,GI Pipes,False,6.0,0.6,1.17,68967.88,11637.3,0.0,False,False,ACCEPTABLE,98.82
VS17,Modern Metals,GI Sheets,False,4.0,0.8,1.0,64394.68,22794.67,0.0,False,True,ACCEPTABLE,98.82
VS17,Modern Metals,GI Wire,False,5.0,0.55,1.0,41362.24,4039.57,0.0,False,False,ACCEPTABLE,98.82
VS17,Modern Metals,HR Coils,False,8.0,0.42,2.0,81035.33,-22863.48,0.0,False,False,ACCEPTABLE,98.82
VS17,Modern Metals,Hex Bars,False,6.0,0.45,1.17,64612.57,-18315.15,0.0,False,False,ACCEPTABLE,98.82
VS17,Modern Metals,MS Flats,False,7.0,0.51,2.0,70928.68,2186.8,0.0,False,False,ACCEPTABLE,98.82
VS17,Modern Metals,MS Pipes,False,8.0,0.51,1.75,75115.92,-635.13,0.0,False,False,ACCEPTABLE,98.82
VS17,Modern Metals,MS Rods,False,10.0,0.61,1.7,147720.26,26360.69,0.0,False,False,ACCEPTABLE,98.82
VS17,Modern Metals,MS Sheets,False,11.0,0.57,1.36,122089.97,14253.07,0.0,False,False,ACCEPTABLE,98.82
VS17,Modern Metals,SS Pipes,False,8.0,0.53,1.75,94625.12,4443.98,0.0,False,False,ACCEPTABLE,98.82
VS17,Modern Metals,SS Sheets,False,7.0,0.48,1.29,67127.16,-1099.94,0.0,False,False,ACCEPTABLE,98.82
VS17,Modern Metals,Spring Steel,False,14.0,0.51,1.57,145627.8,-10397.19,0.0,False,False,ACCEPTABLE,98.82
VS17,Modern Metals,Square/Rect Tubes,False,5.0,0.56,1.6,68849.16,7427.45,0.0,False,False,ACCEPTABLE,98.82
VS17,Modern Metals,Structural Steel,False,8.0,0.57,0.75,72808.87,4861.4,0.0,False,False,ACCEPTABLE,98.82
VS17,Modern Metals,ERW Pipes,True,5.0,0.67,1.6,100357.93,34611.44,0.0,False,False,ACCEPTABLE,98.82
VS18,Kumar Hardware,Angles & Channels,False,2.0,0.77,0.5,30830.06,9922.75,0.0,False,True,ACCEPTABLE,96.33
VS18,Kumar Hardware,CR Sheets,False,7.0,0.44,1.43,84512.1,-3351.39,0.0,False,False,ACCEPTABLE,96.33
VS18,Kumar Hardware,ERW Pipes,False,4.0,0.41,1.5,43962.0,-9999.82,0.0,False,True,ACCEPTABLE,96.33
VS18,Kumar Hardware,Fasteners & Fittings,False,5.0,0.47,2.0,29051.16,-5117.05,0.0,False,False,ACCEPTABLE,96.33
VS18,Kumar Hardware,GI Pipes,False,12.0,0.67,1.5,167477.76,35982.07,0.0,False,False,ACCEPTABLE,96.33
VS18,Kumar Hardware,GI Sheets,False,3.0,0.52,2.67,41337.66,-5193.21,0.0,False,True,ACCEPTABLE,96.33
VS18,Kumar Hardware,GI Wire,False,10.0,0.46,1.5,103147.71,-19621.64,0.0,False,False,ACCEPTABLE,96.33
VS18,Kumar Hardware,HR Coils,False,8.0,0.45,1.62,62838.91,-17119.08,0.0,False,False,ACCEPTABLE,96.33
VS18,Kumar Hardware,MS Flats,False,10.0,0.52,1.3,97476.57,2663.5,0.0,False,False,ACCEPTABLE,96.33
VS18,Kumar Hardware,MS Pipes,False,6.0,0.4,1.17,66731.32,-21067.72,0.0,False,False,ACCEPTABLE,96.33
VS18,Kumar Hardware,MS Sheets,False,7.0,0.67,1.14,142972.12,32736.55,0.0,False,False,ACCEPTABLE,96.33
VS18,Kumar Hardware,SS Sheets,False,4.0,0.26,2.25,25635.79,-22008.78,0.0,False,True,ACCEPTABLE,96.33
VS18,Kumar Hardware,Spring Steel,False,9.0,0.62,1.22,122584.6,20219.11,0.0,False,False,ACCEPTABLE,96.33
VS18,Kumar Hardware,Square/Rect Tubes,False,11.0,0.56,1.55,139824.56,16675.14,0.0,False,False,ACCEPTABLE,96.33
VS18,Kumar Hardware,Structural Steel,False,5.0,0.35,1.2,25113.17,-13914.21,0.0,False,False,ACCEPTABLE,96.33
VS18,Kumar Hardware,Hex Bars,True,6.0,0.43,1.33,58443.13,-7072.68,0.0,False,False,ACCEPTABLE,96.33
VS18,Kumar Hardware,MS Rods,True,13.0,0.53,1.46,140413.48,9120.43,0.0,False,False,ACCEPTABLE,96.33
VS18,Kumar Hardware,SS Pipes,True,10.0,0.63,1.8,160320.38,25978.53,0.0,False,False,ACCEPTABLE,96.33
VS19,Thakur Steel,Angles & Channels,False,5.0,3.57,5.2,273740.87,235195.66,94715.23,True,False,POOR,9.27
VS19,Thakur Steel,Fasteners & Fittings,False,5.0,2.98,5.6,371541.71,309149.68,371728.94,True,False,POOR,9.27
VS19,Thakur Steel,GI Pipes,False,7.0,4.25,4.57,681090.75,600904.01,281778.77,True,False,POOR,9.27
VS19,Thakur Steel,GI Sheets,False,7.0,2.75,4.57,212596.92,173437.63,226716.55,True,False,POOR,9.27
VS19,Thakur Steel,GI Wire,False,10.0,3.63,5.0,967700.08,831160.28,607171.96,True,False,POOR,9.27
VS19,Thakur Steel,HR Coils,False,8.0,3.12,3.88,573414.92,478666.97,361158.08,True,False,POOR,9.27
VS19,Thakur Steel,Hex Bars,False,4.0,3.57,5.25,385061.63,331928.5,205738.93,True,True,POOR,9.27
VS19,Thakur Steel,MS Flats,False,9.0,3.09,5.11,521552.73,432883.35,417620.43,True,False,POOR,9.27
VS19,Thakur Steel,MS Rods,False,10.0,3.59,5.6,669763.17,575675.5,531223.54,True,False,POOR,9.27
VS19,Thakur Steel,MS Sheets,False,8.0,4.05,5.12,858335.74,749692.87,482878.68,True,False,POOR,9.27
VS19,Thakur Steel,SS Pipes,False,6.0,2.9,4.17,354233.88,293315.43,345784.45,True,False,POOR,9.27
VS19,Thakur Steel,SS Sheets,False,7.0,3.6,5.14,682193.17,582347.73,493420.43,True,False,POOR,9.27
VS19,Thakur Steel,Spring Steel,False,9.0,3.85,5.44,593518.26,513828.68,392264.3,True,False,POOR,9.27
VS19,Thakur Steel,Square/Rect Tubes,False,10.0,3.34,5.3,645822.79,550105.0,653631.79,True,False,POOR,9.27
VS19,Thakur Steel,Structural Steel,False,5.0,3.37,4.8,351843.1,298062.17,292641.3,True,False,POOR,9.27
VS19,Thakur Steel,CR Sheets,True,12.0,3.99,4.5,1134916.96,991734.46,668463.2,True,False,POOR,9.27
VS19,Thakur Steel,ERW Pipes,True,9.0,3.35,5.11,721605.0,609697.58,591724.47,True,False,POOR,9.27
VS19,Thakur Steel,MS Pipes,True,10.0,4.12,5.7,590650.73,516038.02,389585.59,True,False,POOR,9.27
VS20,Bhavani Metals,Angles & Channels,False,8.0,0.45,1.75,90041.71,-12518.39,0.0,False,False,ACCEPTABLE,96.83
VS20,Bhavani Metals,CR Sheets,False,10.0,0.38,2.1,84244.51,-36505.67,0.0,False,False,ACCEPTABLE,96.83
VS20,Bhavani Metals,ERW Pipes,False,5.0,0.16,1.4,14485.97,-34461.92,0.0,False,False,ACCEPTABLE,96.83
VS20,Bhavani Metals,GI Pipes,False,10.0,0.48,1.2,82766.04,-3701.59,0.0,False,False,ACCEPTABLE,96.83
VS20,Bhavani Metals,GI Sheets,False,8.0,0.57,1.62,130484.58,15460.04,0.0,False,False,ACCEPTABLE,96.83
VS20,Bhavani Metals,GI Wire,False,7.0,0.26,1.43,31446.98,-41249.96,0.0,False,False,ACCEPTABLE,96.83
VS20,Bhavani Metals,HR Coils,False,5.0,0.39,2.2,32492.34,-17875.32,0.0,False,False,ACCEPTABLE,96.83
VS20,Bhavani Metals,Hex Bars,False,7.0,0.48,1.71,77796.43,-4673.21,0.0,False,False,ACCEPTABLE,96.83
VS20,Bhavani Metals,MS Flats,False,10.0,0.32,1.7,80424.18,-37301.36,0.0,False,False,ACCEPTABLE,96.83
VS20,Bhavani Metals,MS Pipes,False,8.0,0.54,2.0,95780.6,6215.95,0.0,False,False,ACCEPTABLE,96.83
VS20,Bhavani Metals,MS Rods,False,7.0,0.59,2.0,85527.06,16160.42,0.0,False,False,ACCEPTABLE,96.83
VS20,Bhavani Metals,SS Pipes,False,14.0,0.56,1.14,169037.81,19623.96,0.0,False,False,ACCEPTABLE,96.83
VS20,Bhavani Metals,SS Sheets,False,1.0,0.16,0.0,962.27,-2126.91,0.0,False,True,ACCEPTABLE,96.83
VS20,Bhavani Metals,Spring Steel,False,7.0,0.59,1.29,81209.96,10687.39,0.0,False,False,ACCEPTABLE,96.83
VS20,Bhavani Metals,Square/Rect Tubes,False,6.0,0.66,1.5,106806.21,20838.54,0.0,False,False,ACCEPTABLE,96.83
VS20,Bhavani Metals,Structural Steel,False,10.0,0.49,0.8,117209.85,-7210.87,0.0,False,False,ACCEPTABLE,96.83
VS20,Bhavani Metals,Fasteners & Fittings,True,9.0,0.36,1.67,57990.08,-33450.33,0.0,False,False,ACCEPTABLE,96.83
VS20,Bhavani Metals,MS Sheets,True,9.0,0.59,1.44,146450.11,17700.44,0.0,False,False,ACCEPTABLE,96.83
VS21,Viraj Profiles,Angles & Channels,False,10.0,0.42,1.4,83969.84,-3873.35,0.0,False,False,ACCEPTABLE,100.0
VS21,Viraj Profiles,CR Sheets,False,9.0,0.56,1.22,129088.02,13065.04,0.0,False,False,ACCEPTABLE,100.0
VS21,Viraj Profiles,Fasteners & Fittings,False,10.0,0.69,1.5,150625.16,39829.72,0.0,False,False,ACCEPTABLE,100.0
VS21,Viraj Profiles,GI Pipes,False,10.0,0.61,1.6,102298.45,12881.31,0.0,False,False,ACCEPTABLE,100.0
VS21,Viraj Profiles,GI Wire,False,10.0,0.4,2.1,93065.94,-19765.64,0.0,False,False,ACCEPTABLE,100.0
VS21,Viraj Profiles,HR Coils,False,7.0,0.4,0.57,36279.01,-12815.58,0.0,False,False,ACCEPTABLE,100.0
VS21,Viraj Profiles,Hex Bars,False,7.0,0.36,1.71,52480.56,-4723.83,0.0,False,False,ACCEPTABLE,100.0
VS21,Viraj Profiles,MS Flats,False,3.0,0.6,2.33,36552.79,10223.86,0.0,False,True,ACCEPTABLE,100.0
VS21,Viraj Profiles,MS Pipes,False,6.0,0.38,1.83,45621.95,-18938.25,0.0,False,False,ACCEPTABLE,100.0
VS21,Viraj Profiles,MS Rods,False,6.0,0.3,1.0,32937.27,-23237.04,0.0,False,False,ACCEPTABLE,100.0
VS21,Viraj Profiles,MS Sheets,False,13.0,0.51,1.77,136703.78,1177.4,0.0,False,False,ACCEPTABLE,100.0
VS21,Viraj Profiles,SS Pipes,False,6.0,0.43,1.67,44444.18,-23473.96,0.0,False,False,ACCEPTABLE,100.0
VS21,Viraj Profiles,Spring Steel,False,7.0,0.3,1.57,62185.9,-31479.04,0.0,False,False,ACCEPTABLE,100.0
VS21,Viraj Profiles,Square/Rect Tubes,False,7.0,0.63,1.57,114164.43,22236.51,0.0,False,False,ACCEPTABLE,100.0
VS21,Viraj Profiles,Structural Steel,False,7.0,0.36,1.14,38887.37,-25373.11,0.0,False,False,ACCEPTABLE,100.0
VS21,Viraj Profiles,ERW Pipes,True,7.0,0.52,1.29,114960.85,5079.74,0.0,False,False,ACCEPTABLE,100.0
VS21,Viraj Profiles,GI Sheets,True,8.0,0.37,1.12,53738.53,-18487.24,0.0,False,False,ACCEPTABLE,100.0
VS21,Viraj Profiles,SS Sheets,True,7.0,0.51,2.0,101023.82,3519.17,0.0,False,False,ACCEPTABLE,100.0
VS22,Ratan Steel,Angles & Channels,False,11.0,0.5,1.91,112640.48,3074.68,0.0,False,False,ACCEPTABLE,98.66
VS22,Ratan Steel,CR Sheets,False,3.0,0.54,0.33,32935.67,1932.79,0.0,False,True,ACCEPTABLE,98.66
VS22,Ratan Steel,ERW Pipes,False,2.0,0.4,1.5,18682.46,-5963.31,0.0,False,True,ACCEPTABLE,98.66
VS22,Ratan Steel,Fasteners & Fittings,False,10.0,0.37,2.3,79372.65,-31933.32,0.0,False,False,ACCEPTABLE,98.66
VS22,Ratan Steel,GI Pipes,False,9.0,0.45,1.44,71220.71,-3229.15,0.0,False,False,ACCEPTABLE,98.66
VS22,Ratan Steel,GI Sheets,False,7.0,0.56,2.43,99165.5,13381.29,0.0,False,False,ACCEPTABLE,98.66
VS22,Ratan Steel,GI Wire,False,8.0,0.44,1.75,87181.79,-10193.73,0.0,False,False,ACCEPTABLE,98.66
VS22,Ratan Steel,HR Coils,False,13.0,0.42,1.69,98186.85,-19872.26,0.0,False,False,ACCEPTABLE,98.66
VS22,Ratan Steel,Hex Bars,False,6.0,0.47,1.67,77852.46,-4845.71,0.0,False,False,ACCEPTABLE,98.66
VS22,Ratan Steel,MS Rods,False,7.0,0.34,1.71,68337.75,-25929.99,0.0,False,False,ACCEPTABLE,98.66
VS22,Ratan Steel,MS Sheets,False,6.0,0.49,1.67,81053.02,240.96,0.0,False,False,ACCEPTABLE,98.66
VS22,Ratan Steel,SS Pipes,False,10.0,0.5,1.7,126256.25,5229.35,0.0,False,False,ACCEPTABLE,98.66
VS22,Ratan Steel,SS Sheets,False,9.0,0.5,2.33,75320.26,-9835.32,0.0,False,False,ACCEPTABLE,98.66
VS22,Ratan Steel,Spring Steel,False,4.0,0.54,1.5,59238.19,-1270.95,0.0,False,True,ACCEPTABLE,98.66
VS22,Ratan Steel,Square/Rect Tubes,False,10.0,0.61,1.4,66842.8,7693.96,0.0,False,False,ACCEPTABLE,98.66
VS22,Ratan Steel,MS Flats,True,6.0,0.43,1.17,36414.61,-7466.85,0.0,False,False,ACCEPTABLE,98.66
VS22,Ratan Steel,MS Pipes,True,4.0,0.35,1.75,22502.85,-12163.27,0.0,False,True,ACCEPTABLE,98.66
VS22,Ratan Steel,Structural Steel,True,3.0,0.14,1.33,5822.62,-15403.12,0.0,False,True,ACCEPTABLE,98.66
VS23,Krishna Pipes,Angles & Channels,False,6.0,0.45,1.33,72650.74,-11312.98,0.0,False,False,ACCEPTABLE,98.83
VS23,Krishna Pipes,CR Sheets,False,3.0,0.46,1.33,21096.07,-4184.19,0.0,False,True,ACCEPTABLE,98.83
VS23,Krishna Pipes,ERW Pipes,False,6.0,0.4,0.83,52925.97,-18319.81,0.0,False,False,ACCEPTABLE,98.83
VS23,Krishna Pipes,Fasteners & Fittings,False,11.0,0.42,2.18,70186.46,-18586.33,0.0,False,False,ACCEPTABLE,98.83
VS23,Krishna Pipes,GI Pipes,False,7.0,0.52,1.86,48567.35,418.7,0.0,False,False,ACCEPTABLE,98.83
VS23,Krishna Pipes,GI Sheets,False,6.0,0.5,1.67,57939.66,-4373.38,0.0,False,False,ACCEPTABLE,98.83
VS23,Krishna Pipes,GI Wire,False,4.0,0.35,2.0,39942.62,-16072.3,0.0,False,True,ACCEPTABLE,98.83
VS23,Krishna Pipes,Hex Bars,False,9.0,0.61,1.44,89132.68,12782.16,0.0,False,False,ACCEPTABLE,98.83
VS23,Krishna Pipes,MS Flats,False,5.0,0.74,1.0,65280.74,21100.26,0.0,False,False,ACCEPTABLE,98.83
VS23,Krishna Pipes,MS Pipes,False,10.0,0.55,0.9,135036.5,5799.61,0.0,False,False,ACCEPTABLE,98.83
VS23,Krishna Pipes,MS Rods,False,7.0,0.52,2.0,68753.01,1058.74,0.0,False,False,ACCEPTABLE,98.83
VS23,Krishna Pipes,MS Sheets,False,8.0,0.75,2.0,189859.11,58958.91,0.0,False,False,ACCEPTABLE,98.83
VS23,Krishna Pipes,SS Pipes,False,14.0,0.45,1.14,131359.78,-15363.63,0.0,False,False,ACCEPTABLE,98.83
VS23,Krishna Pipes,SS Sheets,False,10.0,0.55,1.2,43317.01,4239.27,0.0,False,False,ACCEPTABLE,98.83
VS23,Krishna Pipes,Spring Steel,False,7.0,0.55,1.14,63976.96,4714.28,0.0,False,False,ACCEPTABLE,98.83
VS23,Krishna Pipes,Square/Rect Tubes,False,5.0,0.29,1.6,26089.37,-19817.49,0.0,False,False,ACCEPTABLE,98.83
VS23,Krishna Pipes,Structural Steel,False,4.0,0.25,1.0,27947.72,-23473.79,0.0,False,True,ACCEPTABLE,98.83
VS23,Krishna Pipes,HR Coils,True,6.0,0.71,1.0,54877.91,15008.01,0.0,False,False,ACCEPTABLE,98.83
VS24,Om Metals,Angles & Channels,False,5.0,0.79,1.4,67597.72,24498.6,0.0,False,False,ACCEPTABLE,99.79
VS24,Om Metals,CR Sheets,False,7.0,0.55,0.71,75662.81,6477.6,0.0,False,False,ACCEPTABLE,99.79
VS24,Om Metals,ERW Pipes,False,7.0,0.33,1.14,40826.16,-23674.91,0.0,False,False,ACCEPTABLE,99.79
VS24,Om Metals,Fasteners & Fittings,False,11.0,0.47,2.18,96775.89,-3761.41,0.0,False,False,ACCEPTABLE,99.79
VS24,Om Metals,GI Pipes,False,9.0,0.52,0.89,125687.33,2643.44,0.0,False,False,ACCEPTABLE,99.79
VS24,Om Metals,GI Sheets,False,2.0,0.91,1.5,26388.12,11612.17,0.0,False,True,ACCEPTABLE,99.79
VS24,Om Metals,GI Wire,False,6.0,0.31,2.0,33974.91,-20644.39,0.0,False,False,ACCEPTABLE,99.79
VS24,Om Metals,HR Coils,False,6.0,0.42,0.67,46481.8,-7436.54,0.0,False,False,ACCEPTABLE,99.79
VS24,Om Metals,Hex Bars,False,7.0,0.45,1.14,45297.36,-7035.58,0.0,False,False,ACCEPTABLE,99.79
VS24,Om Metals,MS Flats,False,10.0,0.69,1.7,130011.53,33948.31,0.0,False,False,ACCEPTABLE,99.79
VS24,Om Metals,MS Pipes,False,5.0,0.82,1.8,69954.49,26283.55,0.0,False,False,ACCEPTABLE,99.79
VS24,Om Metals,MS Rods,False,9.0,0.44,1.0,79890.95,-8524.63,0.0,False,False,ACCEPTABLE,99.79
VS24,Om Metals,MS Sheets,False,10.0,0.38,1.8,68945.03,-20732.27,0.0,False,False,ACCEPTABLE,99.79
VS24,Om Metals,SS Pipes,False,4.0,0.41,2.0,46395.73,-10872.09,0.0,False,True,ACCEPTABLE,99.79
VS24,Om Metals,SS Sheets,False,9.0,0.46,2.22,93206.9,-3440.97,0.0,False,False,ACCEPTABLE,99.79
VS24,Om Metals,Square/Rect Tubes,False,7.0,0.39,2.0,55379.8,-30989.32,0.0,False,False,ACCEPTABLE,99.79
VS24,Om Metals,Structural Steel,False,10.0,0.59,1.7,136070.41,4119.63,0.0,False,False,ACCEPTABLE,99.79
VS24,Om Metals,Spring Steel,True,12.0,0.32,1.83,95666.26,-62482.86,0.0,False,False,ACCEPTABLE,99.79
VS25,Laxmi Hardware,Angles & Channels,False,7.0,0.33,1.0,31796.43,-14635.45,0.0,False,False,ACCEPTABLE,99.96
VS25,Laxmi Hardware,ERW Pipes,False,7.0,0.5,1.14,51301.46,-2625.31,0.0,False,False,ACCEPTABLE,99.96
VS25,Laxmi Hardware,Fasteners & Fittings,False,4.0,0.41,0.75,33933.49,-9003.48,0.0,False,True,ACCEPTABLE,99.96
VS25,Laxmi Hardware,GI Pipes,False,9.0,0.4,1.22,66540.4,-39184.97,0.0,False,False,ACCEPTABLE,99.96
VS25,Laxmi Hardware,GI Sheets,False,6.0,0.24,1.17,22821.85,-26195.11,0.0,False,False,ACCEPTABLE,99.96
VS25,Laxmi Hardware,HR Coils,False,7.0,0.47,1.14,76976.43,-8162.04,0.0,False,False,ACCEPTABLE,99.96
VS25,Laxmi Hardware,Hex Bars,False,6.0,0.51,1.5,71231.31,615.19,0.0,False,False,ACCEPTABLE,99.96
VS25,Laxmi Hardware,MS Flats,False,10.0,0.51,1.3,131046.53,8015.68,0.0,False,False,ACCEPTABLE,99.96
VS25,Laxmi Hardware,MS Pipes,False,14.0,0.52,1.36,151825.29,-4816.7,0.0,False,False,ACCEPTABLE,99.96
VS25,Laxmi Hardware,MS Rods,False,11.0,0.48,1.45,102517.87,-3886.58,0.0,False,False,ACCEPTABLE,99.96
VS25,Laxmi Hardware,SS Pipes,False,7.0,0.62,1.43,83367.26,15562.3,0.0,False,False,ACCEPTABLE,99.96
VS25,Laxmi Hardware,SS Sheets,False,10.0,0.52,1.8,131931.67,455.98,0.0,False,False,ACCEPTABLE,99.96
VS25,Laxmi Hardware,Spring Steel,False,7.0,0.44,1.71,77167.39,-16733.43,0.0,False,False,ACCEPTABLE,99.96
VS25,Laxmi Hardware,Square/Rect Tubes,False,14.0,0.48,1.36,137560.77,-11561.72,0.0,False,False,ACCEPTABLE,99.96
VS25,Laxmi Hardware,Structural Steel,False,9.0,0.68,1.89,128492.05,27172.06,0.0,False,False,ACCEPTABLE,99.96
VS25,Laxmi Hardware,CR Sheets,True,6.0,0.43,1.0,71834.01,-5732.92,0.0,False,False,ACCEPTABLE,99.96
VS25,Laxmi Hardware,GI Wire,True,6.0,0.39,1.67,35540.14,-9887.82,0.0,False,False,ACCEPTABLE,99.96
VS25,Laxmi Hardware,MS Sheets,True,8.0,0.57,1.38,112806.0,12117.64,0.0,False,False,ACCEPTABLE,99.96
VS26,Rajdhani Steel,CR Sheets,False,8.0,0.44,2.5,80630.9,-16307.36,0.0,False,False,ACCEPTABLE,97.05
VS26,Rajdhani Steel,ERW Pipes,False,8.0,0.84,2.25,158847.62,61427.13,0.0,False,False,ACCEPTABLE,97.05
VS26,Rajdhani Steel,GI Pipes,False,13.0,0.53,1.38,131422.58,5211.53,0.0,False,False,ACCEPTABLE,97.05
VS26,Rajdhani Steel,GI Sheets,False,9.0,0.51,0.78,69670.37,2503.5,0.0,False,False,ACCEPTABLE,97.05
VS26,Rajdhani Steel,GI Wire,False,6.0,0.55,2.17,79008.0,3062.71,0.0,False,False,ACCEPTABLE,97.05
VS26,Rajdhani Steel,HR Coils,False,8.0,0.63,1.75,83392.3,17775.37,0.0,False,False,ACCEPTABLE,97.05
VS26,Rajdhani Steel,Hex Bars,False,6.0,0.5,1.5,76926.34,-4797.93,0.0,False,False,ACCEPTABLE,97.05
VS26,Rajdhani Steel,MS Flats,False,9.0,0.54,2.22,116907.57,834.63,0.0,False,False,ACCEPTABLE,97.05
VS26,Rajdhani Steel,MS Pipes,False,8.0,0.45,1.38,89516.8,-19677.66,0.0,False,False,ACCEPTABLE,97.05
VS26,Rajdhani Steel,MS Rods,False,7.0,0.5,0.71,28241.17,-2660.84,0.0,False,False,ACCEPTABLE,97.05
VS26,Rajdhani Steel,MS Sheets,False,12.0,0.45,1.33,137922.23,-26773.82,0.0,False,False,ACCEPTABLE,97.05
VS26,Rajdhani Steel,SS Pipes,False,6.0,0.55,1.17,63865.53,2735.16,0.0,False,False,ACCEPTABLE,97.05
VS26,Rajdhani Steel,SS Sheets,False,10.0,0.63,1.9,168239.27,40085.65,0.0,False,False,ACCEPTABLE,97.05
VS26,Rajdhani Steel,Spring Steel,False,9.0,0.6,1.89,134949.5,18077.26,0.0,False,False,ACCEPTABLE,97.05
VS26,Rajdhani Steel,Square/Rect Tubes,False,14.0,0.53,1.57,155042.66,12137.93,0.0,False,False,ACCEPTABLE,97.05
VS26,Rajdhani Steel,Structural Steel,False,4.0,0.37,1.75,28713.27,-6675.36,0.0,False,True,ACCEPTABLE,97.05
VS26,Rajdhani Steel,Angles & Channels,True,13.0,0.59,1.54,138538.12,19738.87,0.0,False,False,ACCEPTABLE,97.05
VS26,Rajdhani Steel,Fasteners & Fittings,True,5.0,0.43,2.2,42239.42,-7922.38,0.0,False,False,ACCEPTABLE,97.05
VS27,National Pipes,Angles & Channels,False,5.0,0.49,0.8,60537.97,5525.25,0.0,False,False,ACCEPTABLE,97.92
VS27,National Pipes,CR Sheets,False,7.0,0.47,1.71,48015.29,-497.97,0.0,False,False,ACCEPTABLE,97.92
VS27,National Pipes,ERW Pipes,False,8.0,0.33,2.12,39209.19,-23337.71,0.0,False,False,ACCEPTABLE,97.92
VS27,National Pipes,Fasteners & Fittings,False,7.0,0.56,1.71,81077.01,9994.23,0.0,False,False,ACCEPTABLE,97.92
VS27,National Pipes,GI Pipes,False,8.0,0.59,1.5,129973.87,14636.13,0.0,False,False,ACCEPTABLE,97.92
VS27,National Pipes,GI Sheets,False,4.0,0.74,2.0,79774.73,24739.63,0.0,False,True,ACCEPTABLE,97.92
VS27,National Pipes,GI Wire,False,5.0,0.61,1.0,37371.38,6142.49,0.0,False,False,ACCEPTABLE,97.92
VS27,National Pipes,HR Coils,False,9.0,0.52,1.22,53377.31,1804.68,0.0,False,False,ACCEPTABLE,97.92
VS27,National Pipes,Hex Bars,False,3.0,0.78,1.33,66343.18,22993.99,0.0,False,True,ACCEPTABLE,97.92
VS27,National Pipes,MS Flats,False,10.0,0.65,1.9,138603.27,26950.83,0.0,False,False,ACCEPTABLE,97.92
VS27,National Pipes,MS Pipes,False,5.0,0.22,1.8,20941.02,-33613.2,0.0,False,False,ACCEPTABLE,97.92
VS27,National Pipes,MS Rods,False,8.0,0.54,2.12,46184.16,171.07,0.0,False,False,ACCEPTABLE,97.92
VS27,National Pipes,MS Sheets,False,9.0,0.7,1.89,162691.75,43788.87,0.0,False,False,ACCEPTABLE,97.92
VS27,National Pipes,SS Sheets,False,5.0,0.48,1.6,49366.92,-3147.3,0.0,False,False,ACCEPTABLE,97.92
VS27,National Pipes,Spring Steel,False,7.0,0.45,2.0,73329.26,-13950.93,0.0,False,False,ACCEPTABLE,97.92
VS27,National Pipes,Square/Rect Tubes,False,7.0,0.43,2.0,78186.72,-19970.92,0.0,False,False,ACCEPTABLE,97.92
VS27,National Pipes,Structural Steel,False,8.0,0.69,1.75,145512.92,37453.85,0.0,False,False,ACCEPTABLE,97.92
VS27,National Pipes,SS Pipes,True,7.0,0.41,2.14,53942.2,-10795.5,0.0,False,False,ACCEPTABLE,97.92
VS28,Param Industries,Angles & Channels,False,6.0,0.33,1.5,52444.95,-32182.56,0.0,False,False,ACCEPTABLE,97.8
VS28,Param Industries,CR Sheets,False,11.0,0.58,1.64,136979.66,18812.02,0.0,False,False,ACCEPTABLE,97.8
VS28,Param Industries,ERW Pipes,False,7.0,0.7,2.29,113052.4,26852.16,0.0,False,False,ACCEPTABLE,97.8
VS28,Param Industries,Fasteners & Fittings,False,11.0,0.6,1.55,175654.38,29216.93,0.0,False,False,ACCEPTABLE,97.8
VS28,Param Industries,GI Pipes,False,5.0,0.52,2.2,71301.12,7519.86,0.0,False,False,ACCEPTABLE,97.8
VS28,Param Industries,GI Sheets,False,4.0,0.15,1.75,14564.69,-28758.35,0.0,False,True,ACCEPTABLE,97.8
VS28,Param Industries,GI Wire,False,7.0,0.42,2.14,54271.01,-12223.14,0.0,False,False,ACCEPTABLE,97.8
VS28,Param Industries,Hex Bars,False,7.0,0.25,1.86,42006.1,-33884.34,0.0,False,False,ACCEPTABLE,97.8
VS28,Param Industries,MS Flats,False,8.0,0.39,2.12,53578.96,-24681.57,0.0,False,False,ACCEPTABLE,97.8
VS28,Param Industries,MS Rods,False,12.0,0.48,1.5,120050.41,-4449.41,0.0,False,False,ACCEPTABLE,97.8
VS28,Param Industries,MS Sheets,False,14.0,0.37,1.64,99079.69,-50849.08,0.0,False,False,ACCEPTABLE,97.8
VS28,Param Industries,SS Sheets,False,10.0,0.51,1.8,71630.16,-3140.66,0.0,False,False,ACCEPTABLE,97.8
VS28,Param Industries,Spring Steel,False,5.0,0.35,2.6,30003.13,-8104.4,0.0,False,False,ACCEPTABLE,97.8
VS28,Param Industries,Square/Rect Tubes,False,10.0,0.53,2.0,75251.35,2817.76,0.0,False,False,ACCEPTABLE,97.8
VS28,Param Industries,Structural Steel,False,9.0,0.36,1.56,74987.72,-27076.03,0.0,False,False,ACCEPTABLE,97.8
VS28,Param Industries,HR Coils,True,5.0,0.68,2.4,53983.4,10549.68,0.0,False,False,ACCEPTABLE,97.8
VS28,Param Industries,MS Pipes,True,10.0,0.46,1.6,99065.68,-6394.62,0.0,False,False,ACCEPTABLE,97.8
VS28,Param Industries,SS Pipes,True,9.0,0.26,1.44,25102.17,-31365.95,0.0,False,False,ACCEPTABLE,97.8
VS29,Global Metals,Angles & Channels,False,8.0,0.58,1.5,134175.64,19930.58,0.0,False,False,ACCEPTABLE,100.0
VS29,Global Metals,CR Sheets,False,12.0,0.44,1.17,114698.91,-10000.79,0.0,False,False,ACCEPTABLE,100.0
VS29,Global Metals,ERW Pipes,False,7.0,0.53,1.86,70045.22,7705.95,0.0,False,False,ACCEPTABLE,100.0
VS29,Global Metals,Fasteners & Fittings,False,5.0,0.58,1.4,75834.87,13235.64,0.0,False,False,ACCEPTABLE,100.0
VS29,Global Metals,GI Pipes,False,5.0,0.6,1.6,44319.03,6018.08,0.0,False,False,ACCEPTABLE,100.0
VS29,Global Metals,GI Sheets,False,13.0,0.49,2.15,107804.41,-6040.48,0.0,False,False,ACCEPTABLE,100.0
VS29,Global Metals,GI Wire,False,10.0,0.62,1.2,110959.46,18361.26,0.0,False,False,ACCEPTABLE,100.0
VS29,Global Metals,HR Coils,False,6.0,0.45,1.67,62237.21,-5574.99,0.0,False,False,ACCEPTABLE,100.0
VS29,Global Metals,Hex Bars,False,4.0,0.54,1.25,41429.23,4119.19,0.0,False,True,ACCEPTABLE,100.0
VS29,Global Metals,MS Pipes,False,14.0,0.64,1.14,135789.85,23561.82,0.0,False,False,ACCEPTABLE,100.0
VS29,Global Metals,MS Rods,False,5.0,0.54,0.8,42906.46,1976.67,0.0,False,False,ACCEPTABLE,100.0
VS29,Global Metals,MS Sheets,False,9.0,0.28,1.44,47221.36,-52732.92,0.0,False,False,ACCEPTABLE,100.0
VS29,Global Metals,SS Pipes,False,10.0,0.55,1.0,119000.67,14030.01,0.0,False,False,ACCEPTABLE,100.0
VS29,Global Metals,SS Sheets,False,11.0,0.41,0.91,103394.92,-18970.32,0.0,False,False,ACCEPTABLE,100.0
VS29,Global Metals,Spring Steel,False,7.0,0.24,0.86,23365.77,-43404.51,0.0,False,False,ACCEPTABLE,100.0
VS29,Global Metals,Square/Rect Tubes,False,9.0,0.61,1.44,138388.79,22321.37,0.0,False,False,ACCEPTABLE,100.0
VS29,Global Metals,Structural Steel,False,7.0,0.52,1.57,78564.12,5491.26,0.0,False,False,ACCEPTABLE,100.0
VS29,Global Metals,MS Flats,True,7.0,0.6,1.71,91910.04,16407.75,0.0,False,False,ACCEPTABLE,100.0
VS30,Apex Hardware,Angles & Channels,False,8.0,0.5,1.62,81034.02,-5036.56,0.0,False,False,ACCEPTABLE,98.28
VS30,Apex Hardware,CR Sheets,False,10.0,0.69,1.1,141717.7,38575.94,0.0,False,False,ACCEPTABLE,98.28
VS30,Apex Hardware,ERW Pipes,False,3.0,0.55,1.0,44867.81,4096.47,0.0,False,True,ACCEPTABLE,98.28
VS30,Apex Hardware,Fasteners & Fittings,False,3.0,0.59,1.67,45938.28,8874.72,0.0,False,True,ACCEPTABLE,98.28
VS30,Apex Hardware,GI Pipes,False,7.0,0.42,1.43,41986.32,-17411.96,0.0,False,False,ACCEPTABLE,98.28
VS30,Apex Hardware,GI Wire,False,7.0,0.59,2.0,106171.35,10555.95,0.0,False,False,ACCEPTABLE,98.28
VS30,Apex Hardware,HR Coils,False,3.0,0.27,2.67,25680.12,-22876.63,0.0,False,True,ACCEPTABLE,98.28
VS30,Apex Hardware,Hex Bars,False,6.0,0.45,2.5,73989.16,-7441.28,0.0,False,False,ACCEPTABLE,98.28
VS30,Apex Hardware,MS Flats,False,13.0,0.38,1.85,130360.83,-41690.89,0.0,False,False,ACCEPTABLE,98.28
VS30,Apex Hardware,MS Pipes,False,13.0,0.47,1.38,106736.96,-5999.56,0.0,False,False,ACCEPTABLE,98.28
VS30,Apex Hardware,MS Rods,False,9.0,0.47,2.22,71899.3,-3398.97,0.0,False,False,ACCEPTABLE,98.28
VS30,Apex Hardware,MS Sheets,False,9.0,0.47,2.44,84298.4,-343.38,0.0,False,False,ACCEPTABLE,98.28
VS30,Apex Hardware,SS Pipes,False,10.0,0.38,2.2,66973.16,-22856.95,0.0,False,False,ACCEPTABLE,98.28
VS30,Apex Hardware,SS Sheets,False,10.0,0.33,1.1,56268.53,-21981.97,0.0,False,False,ACCEPTABLE,98.28
VS30,Apex Hardware,Spring Steel,False,12.0,0.47,1.83,147928.85,-17042.68,0.0,False,False,ACCEPTABLE,98.28
VS30,Apex Hardware,GI Sheets,True,8.0,0.59,2.0,81668.77,12782.55,0.0,False,False,ACCEPTABLE,98.28
VS30,Apex Hardware,Square/Rect Tubes,True,8.0,0.55,2.0,122586.4,8986.8,0.0,False,False,ACCEPTABLE,98.28
VS30,Apex Hardware,Structural Steel,True,14.0,0.6,1.43,137359.73,26569.62,0.0,False,False,ACCEPTABLE,98.28
VS31,Sunrise Alloys,Angles & Channels,False,7.0,0.33,1.43,29586.15,-11865.46,0.0,False,False,ACCEPTABLE,97.08
VS31,Sunrise Alloys,CR Sheets,False,9.0,0.43,1.67,106789.64,-16372.45,0.0,False,False,ACCEPTABLE,97.08
VS31,Sunrise Alloys,Fasteners & Fittings,False,8.0,0.44,1.0,113502.97,-12960.16,0.0,False,False,ACCEPTABLE,97.08
VS31,Sunrise Alloys,GI Pipes,False,6.0,0.58,1.67,87637.62,9081.53,0.0,False,False,ACCEPTABLE,97.08
VS31,Sunrise Alloys,GI Wire,False,11.0,0.43,1.73,111351.53,-23874.24,0.0,False,False,ACCEPTABLE,97.08
VS31,Sunrise Alloys,HR Coils,False,10.0,0.47,1.7,87307.96,-18410.35,0.0,False,False,ACCEPTABLE,97.08
VS31,Sunrise Alloys,Hex Bars,False,5.0,0.47,2.2,71198.28,694.81,0.0,False,False,ACCEPTABLE,97.08
VS31,Sunrise Alloys,MS Flats,False,6.0,0.47,0.83,50586.4,-9339.7,0.0,False,False,ACCEPTABLE,97.08
VS31,Sunrise Alloys,MS Pipes,False,5.0,0.67,1.4,60156.5,14635.19,0.0,False,False,ACCEPTABLE,97.08
VS31,Sunrise Alloys,MS Rods,False,3.0,0.43,1.0,23555.22,-7440.52,0.0,False,True,ACCEPTABLE,97.08
VS31,Sunrise Alloys,MS Sheets,False,6.0,0.38,1.0,56761.03,-13786.99,0.0,False,False,ACCEPTABLE,97.08
VS31,Sunrise Alloys,SS Pipes,False,8.0,0.6,1.38,84180.77,11004.12,0.0,False,False,ACCEPTABLE,97.08
VS31,Sunrise Alloys,SS Sheets,False,8.0,0.66,1.75,83399.06,20768.23,0.0,False,False,ACCEPTABLE,97.08
VS31,Sunrise Alloys,Spring Steel,False,11.0,0.41,1.0,84562.66,-13995.09,0.0,False,False,ACCEPTABLE,97.08
VS31,Sunrise Alloys,Square/Rect Tubes,False,8.0,0.49,1.62,93421.47,-9780.95,0.0,False,False,ACCEPTABLE,97.08
VS31,Sunrise Alloys,Structural Steel,False,5.0,0.35,1.6,40772.38,-20364.1,0.0,False,False,ACCEPTABLE,97.08
VS31,Sunrise Alloys,ERW Pipes,True,7.0,0.6,1.43,67115.94,6823.42,0.0,False,False,ACCEPTABLE,97.08
VS31,Sunrise Alloys,GI Sheets,True,9.0,0.35,1.44,96841.33,-38202.27,0.0,False,False,ACCEPTABLE,97.08
VS32,Precision Steel,Angles & Channels,False,6.0,0.52,1.67,81168.25,7736.61,0.0,False,False,ACCEPTABLE,99.1
VS32,Precision Steel,CR Sheets,False,8.0,0.4,1.25,84965.01,-19337.42,0.0,False,False,ACCEPTABLE,99.1
VS32,Precision Steel,ERW Pipes,False,12.0,0.33,1.0,69682.59,-53980.75,0.0,False,False,ACCEPTABLE,99.1
VS32,Precision Steel,GI Sheets,False,8.0,0.51,1.88,60997.19,-3776.89,0.0,False,False,ACCEPTABLE,99.1
VS32,Precision Steel,GI Wire,False,13.0,0.3,1.38,91776.43,-69468.97,0.0,False,False,ACCEPTABLE,99.1
VS32,Precision Steel,HR Coils,False,12.0,0.43,2.08,92703.71,-21679.27,0.0,False,False,ACCEPTABLE,99.1
VS32,Precision Steel,Hex Bars,False,6.0,0.44,2.0,55848.81,-12950.51,0.0,False,False,ACCEPTABLE,99.1
VS32,Precision Steel,MS Flats,False,8.0,0.55,1.75,103055.95,3279.36,0.0,False,False,ACCEPTABLE,99.1
VS32,Precision Steel,MS Pipes,False,10.0,0.51,1.9,88427.05,-1986.59,0.0,False,False,ACCEPTABLE,99.1
VS32,Precision Steel,MS Rods,False,9.0,0.44,1.22,81742.6,-19733.2,0.0,False,False,ACCEPTABLE,99.1
VS32,Precision Steel,MS Sheets,False,6.0,0.41,1.67,82423.36,-11376.89,0.0,False,False,ACCEPTABLE,99.1
VS32,Precision Steel,SS Pipes,False,4.0,0.19,1.5,18122.75,-29588.71,0.0,False,True,ACCEPTABLE,99.1
VS32,Precision Steel,SS Sheets,False,8.0,0.49,1.75,94067.39,-14986.11,0.0,False,False,ACCEPTABLE,99.1
VS32,Precision Steel,Spring Steel,False,12.0,0.52,1.33,126495.01,-3014.83,0.0,False,False,ACCEPTABLE,99.1
VS32,Precision Steel,Square/Rect Tubes,False,6.0,0.55,1.17,44732.85,-975.16,0.0,False,False,ACCEPTABLE,99.1
VS32,Precision Steel,Structural Steel,False,6.0,0.38,1.83,27198.82,-10013.68,0.0,False,False,ACCEPTABLE,99.1
VS32,Precision Steel,Fasteners & Fittings,True,10.0,0.44,1.9,74087.37,-12773.2,0.0,False,False,ACCEPTABLE,99.1
VS32,Precision Steel,GI Pipes,True,4.0,0.45,1.25,36057.78,-9750.59,0.0,False,True,ACCEPTABLE,99.1
VS33,Premium Metals,Angles & Channels,False,8.0,0.42,1.62,80270.91,-20091.74,0.0,False,False,ACCEPTABLE,98.7
VS33,Premium Metals,CR Sheets,False,8.0,0.53,1.0,58883.43,-6898.31,0.0,False,False,ACCEPTABLE,98.7
VS33,Premium Metals,Fasteners & Fittings,False,3.0,0.48,1.67,38072.28,-3582.85,0.0,False,True,ACCEPTABLE,98.7
VS33,Premium Metals,GI Pipes,False,2.0,0.48,2.5,22260.04,378.39,0.0,False,True,ACCEPTABLE,98.7
VS33,Premium Metals,GI Sheets,False,5.0,0.35,2.0,33490.6,-13704.66,0.0,False,False,ACCEPTABLE,98.7
VS33,Premium Metals,GI Wire,False,9.0,0.51,1.56,125005.88,-602.33,0.0,False,False,ACCEPTABLE,98.7
VS33,Premium Metals,Hex Bars,False,8.0,0.56,1.5,130388.98,10425.38,0.0,False,False,ACCEPTABLE,98.7
VS33,Premium Metals,MS Pipes,False,2.0,0.58,3.0,20792.02,1842.28,0.0,False,True,ACCEPTABLE,98.7
VS33,Premium Metals,MS Rods,False,13.0,0.48,1.54,120982.99,-3820.0,0.0,False,False,ACCEPTABLE,98.7
VS33,Premium Metals,MS Sheets,False,11.0,0.43,1.18,69673.45,-5356.66,0.0,False,False,ACCEPTABLE,98.7
VS33,Premium Metals,SS Pipes,False,9.0,0.52,1.56,76369.08,-2778.51,0.0,False,False,ACCEPTABLE,98.7
VS33,Premium Metals,SS Sheets,False,10.0,0.58,0.9,127528.21,16371.66,0.0,False,False,ACCEPTABLE,98.7
VS33,Premium Metals,Spring Steel,False,6.0,0.49,0.67,71576.19,-6396.46,0.0,False,False,ACCEPTABLE,98.7
VS33,Premium Metals,Square/Rect Tubes,False,7.0,0.39,1.29,41783.2,-9004.8,0.0,False,False,ACCEPTABLE,98.7
VS33,Premium Metals,Structural Steel,False,7.0,0.5,1.86,71581.2,2439.46,0.0,False,False,ACCEPTABLE,98.7
VS33,Premium Metals,ERW Pipes,True,9.0,0.33,2.0,48255.03,-28013.48,0.0,False,False,ACCEPTABLE,98.7
VS33,Premium Metals,HR Coils,True,9.0,0.48,2.11,107137.28,-1353.6,0.0,False,False,ACCEPTABLE,98.7
VS33,Premium Metals,MS Flats,True,5.0,0.59,2.0,91142.13,14026.36,0.0,False,False,ACCEPTABLE,98.7
VS34,Supreme Fittings,Angles & Channels,False,7.0,0.65,1.43,104091.49,21230.96,0.0,False,False,ACCEPTABLE,96.34
VS34,Supreme Fittings,CR Sheets,False,11.0,0.43,1.09,87270.4,-18432.17,0.0,False,False,ACCEPTABLE,96.34
VS34,Supreme Fittings,ERW Pipes,False,8.0,0.44,1.88,56661.22,-8784.57,0.0,False,False,ACCEPTABLE,96.34
VS34,Supreme Fittings,Fasteners & Fittings,False,7.0,0.52,2.29,110734.77,3230.07,0.0,False,False,ACCEPTABLE,96.34
VS34,Supreme Fittings,GI Pipes,False,5.0,0.7,1.4,33276.26,7850.72,0.0,False,False,ACCEPTABLE,96.34
VS34,Supreme Fittings,GI Sheets,False,6.0,0.52,0.83,99824.03,2669.35,0.0,False,False,ACCEPTABLE,96.34
VS34,Supreme Fittings,HR Coils,False,14.0,0.55,2.14,138561.43,10742.45,0.0,False,False,ACCEPTABLE,96.34
VS34,Supreme Fittings,Hex Bars,False,6.0,0.55,1.67,73468.13,2271.31,0.0,False,False,ACCEPTABLE,96.34
VS34,Supreme Fittings,MS Flats,False,12.0,0.42,1.33,113716.88,-25388.5,0.0,False,False,ACCEPTABLE,96.34
VS34,Supreme Fittings,MS Pipes,False,5.0,0.35,0.6,31908.69,-16662.3,0.0,False,False,ACCEPTABLE,96.34
VS34,Supreme Fittings,MS Rods,False,15.0,0.64,2.2,233127.51,47612.44,0.0,False,False,ACCEPTABLE,96.34
VS34,Supreme Fittings,MS Sheets,False,5.0,0.44,1.4,26586.91,-7149.44,0.0,False,False,ACCEPTABLE,96.34
VS34,Supreme Fittings,SS Pipes,False,7.0,0.36,0.86,43057.82,-24247.8,0.0,False,False,ACCEPTABLE,96.34
VS34,Supreme Fittings,SS Sheets,False,8.0,0.48,1.38,101118.79,1832.12,0.0,False,False,ACCEPTABLE,96.34
VS34,Supreme Fittings,Spring Steel,False,5.0,0.72,1.4,89144.98,25170.94,0.0,False,False,ACCEPTABLE,96.34
VS34,Supreme Fittings,Square/Rect Tubes,False,8.0,0.52,1.38,44986.7,-7952.61,0.0,False,False,ACCEPTABLE,96.34
VS34,Supreme Fittings,Structural Steel,False,6.0,0.4,1.67,56714.4,-13629.45,0.0,False,False,ACCEPTABLE,96.34
VS34,Supreme Fittings,GI Wire,True,9.0,0.55,1.89,122670.0,14186.09,0.0,False,False,ACCEPTABLE,96.34
