return_id,return_date,client_id,material_id,quantity_returned,reason,supplier_id_traced,supplier_known,matched_po,price_used,qty_counted,value_inr,note
RET-0058,2021-02-03,Client-050,SS Pipes,3.3,Weight short,VS03,True,PO-2023-4429,72085.96,3.3,237883.668,
RET-0363,2021-02-13,Client-055,MS Rods,1.44,Edge damage,VS34,True,PO-2022-2239,93239.89,1.44,134265.4416,
RET-0135,2021-02-15,Client-027,GI Sheets,0.62,Surface rust,VS19,True,PO-2021-1242,89839.3,0.62,55700.366,
RET-0274,2021-02-16,Client-054,Hex Bars,1.24,Surface rust,VS34,True,PO-2022-1874,77001.71,1.24,95482.12040000001,
RET-0246,2021-02-19,Client-040,Hex Bars,4.31,Surface rust,VS21,True,PO-2022-2800,93266.21,1.02,95131.53420000001,capped
RET-0324,2021-02-24,Client-046,SS Pipes,3.19,Grade mismatch,VS28,True,PO-2022-2432,64708.17,3.19,206419.0623,
RET-0323,2021-03-02,Client-065,MS Flats,1.29,Bend/warp,VS19,True,PO-2022-3131,118835.31,1.29,153297.5499,
RET-0189,2021-03-07,Client-012,MS Flats,2.94,Surface rust,VS12,True,PO-2023-4241,76189.06,2.94,223995.8364,
RET-0373,2021-03-07,Client-065,GI Wire,0.53,Edge damage,VS19,True,PO-2023-4271,68537.2,0.53,36324.716,
RET-0037,2021-03-08,Client-013,ERW Pipes,1.65,Edge damage,VS12,True,PO-2021-0769,56553.06,1.65,93312.54899999998,
RET-0042,2021-03-13,Client-063,MS Pipes,2.69,Weight short,VS11,True,PO-2021-0239,90567.97,2.69,243627.8393,
RET-0110,2021-03-13,Client-017,SS Pipes,3.22,Bend/warp,VS03,True,PO-2023-4429,72085.96,3.22,232116.79120000004,
RET-0330,2021-03-14,Client-061,MS Rods,4.98,Wrong dimensions,VS17,True,PO-2023-4492,85398.59,4.98,425284.9782,
RET-0349,2021-03-14,Client-067,GI Sheets,1.48,Edge damage,VS31,True,PO-2023-3791,88516.24,1.48,131004.03520000001,
RET-0018,2021-03-16,Client-071,GI Pipes,1.53,Wrong dimensions,VS29,True,PO-2021-1282,79848.9,1.04,83042.856,capped
RET-0082,2021-03-19,Client-076,MS Pipes,0.34,Bend/warp,VS12,True,PO-2023-4460,97203.75,0.34,33049.275,
RET-0138,2021-03-21,Client-014,GI Wire,1.97,Wrong dimensions,VS12,True,PO-2022-2649,106424.57,1.97,209656.40290000002,
RET-0253,2021-03-30,Client-052,GI Wire,4.41,Edge damage,VS08,True,PO-2021-1072,50730.02,4.41,223719.3882,
RET-0126,2021-04-04,Client-058,Hex Bars,0.59,Grade mismatch,VS03,True,PO-2021-0853,82438.23,0.59,48638.5557,
RET-0185,2021-04-13,Client-077,Angles & Channels,3.88,Surface rust,VS03,True,PO-2021-1424,99561.2,3.88,386297.456,
RET-0210,2021-04-18,Client-023,Square/Rect Tubes,2.82,Wrong dimensions,VS12,True,PO-2023-4238,54227.13,2.82,152920.5066,
RET-0140,2021-04-28,Client-058,MS Pipes,3.05,Wrong dimensions,VS05,True,PO-2021-0930,111366.65,3.05,339668.2825,
RET-0105,2021-05-01,Client-078,SS Sheets,4.47,Surface rust,VS11,True,PO-2023-4316,75013.48,4.47,335310.2556,
RET-0167,2021-05-15,Client-002,GI Pipes,4.9,Edge damage,VS19,True,PO-2021-0711,110777.84,4.9,542811.416,
RET-0032,2021-05-18,Client-061,CR Sheets,2.62,Edge damage,VS03,True,PO-2023-4707,62710.54,1.28,80269.4912,capped
RET-0328,2021-05-20,Client-004,Spring Steel,2.48,Edge damage,VS09,True,PO-2023-3562,96653.87,2.48,239701.59759999998,
RET-0079,2021-05-25,Client-027,CR Sheets,3.34,Weight short,VS11,True,PO-2021-1557,54670.07,3.34,182598.0338,
RET-0066,2021-05-26,Client-055,Structural Steel,2.05,Bend/warp,VS03,True,PO-2021-0730,71402.52,2.05,146375.166,
RET-0091,2021-05-31,Client-066,GI Sheets,4.34,Surface rust,VS03,True,PO-2023-3508,87815.56,4.34,381119.5304,
RET-0339,2021-06-01,Client-049,Structural Steel,4.39,Edge damage,VS19,True,PO-2021-0083,73375.06,4.39,322116.51339999994,
RET-0303,2021-06-06,Client-052,HR Coils,2.33,Wrong dimensions,VS18,True,PO-2023-4300,75425.02,2.33,175740.2966,
RET-0081,2021-06-08,Client-009,Angles & Channels,3.57,Bend/warp,VS19,True,PO-2023-3215,100712.81,3.57,359544.7317,
RET-0278,2021-06-10,Client-058,GI Pipes,4.15,Wrong dimensions,VS17,True,PO-2023-4622,61221.11,4.15,254067.60650000002,
RET-0141,2021-06-11,Client-021,HR Coils,0.86,Grade mismatch,VS19,True,PO-2022-2205,113687.44,0.86,97771.1984,
RET-0077,2021-06-15,Client-068,CR Sheets,0.99,Weight short,VS03,True,PO-2023-4707,62710.54,0.0,0.0,capped
RET-0334,2021-06-27,Client-016,MS Rods,4.48,Surface rust,VS17,True,PO-2023-4778,57435.94,4.48,257313.01120000004,
RET-0085,2021-06-28,Client-076,MS Sheets,0.37,Grade mismatch,VS19,True,PO-2022-1620,82922.29,0.37,30681.247299999995,
RET-0142,2021-07-03,Client-022,GI Sheets,0.25,Grade mismatch,VS03,True,PO-2023-3508,87815.56,0.25,21953.89,
RET-0218,2021-07-03,Client-074,Angles & Channels,1.01,Edge damage,VS03,True,PO-2021-1424,99561.2,1.01,100556.81199999999,
RET-0094,2021-07-04,Client-051,GI Pipes,1.24,Weight short,VS03,True,PO-2021-0276,72777.18,1.24,90243.70319999999,
RET-0114,2021-07-04,Client-078,MS Sheets,2.01,Weight short,VS15,True,PO-2023-3342,93177.47,2.01,187286.71469999998,
RET-0291,2021-07-06,Client-032,MS Sheets,4.6,Wrong dimensions,VS16,True,PO-2023-3870,89481.71,4.6,411615.866,
RET-0358,2021-07-11,Client-064,ERW Pipes,0.2,Weight short,VS12,True,PO-2023-3314,53504.31,0.2,10700.862000000001,
RET-0338,2021-07-13,Client-042,Hex Bars,0.88,Grade mismatch,VS03,True,PO-2021-0853,82438.23,0.88,72545.6424,
RET-0164,2021-07-14,Client-043,MS Pipes,1.21,Bend/warp,VS25,True,PO-2023-3551,99979.14,1.21,120974.7594,
RET-0087,2021-07-15,Client-049,GI Wire,0.57,Bend/warp,VS28,True,PO-2022-3044,95133.15,0.57,54225.89549999999,
RET-0228,2021-07-25,Client-020,MS Flats,1.23,Surface rust,VS19,True,PO-2022-2361,91145.31,1.23,112108.7313,
RET-0238,2021-07-25,Client-043,Hex Bars,2.46,Bend/warp,VS03,True,PO-2021-0853,82438.23,2.46,202798.0458,
RET-0354,2021-08-02,Client-043,GI Wire,0.5,Bend/warp,VS03,True,PO-2023-4021,68073.15,0.5,34036.575,
RET-0143,2021-08-05,Client-049,SS Sheets,3.12,Surface rust,VS12,True,PO-2022-2491,120277.26,3.12,375265.0512,
RET-0161,2021-08-11,Client-065,MS Rods,3.17,Weight short,VS10,True,PO-2022-2685,67136.33,3.17,212822.1661,
RET-0099,2021-08-23,Client-026,Angles & Channels,3.15,Weight short,VS07,True,PO-2022-1955,82709.5,3.15,260534.925,
RET-0093,2021-08-24,Client-064,CR Sheets,4.67,Wrong dimensions,VS23,True,PO-2022-1722,86272.82,4.67,402894.06940000004,
RET-0027,2021-08-25,Client-019,SS Pipes,0.56,Edge damage,VS12,True,PO-2021-0670,113779.67,0.56,63716.61520000001,
RET-0364,2021-08-25,Client-044,SS Sheets,4.39,Weight short,VS03,True,PO-2021-0806,87173.53,4.39,382691.79669999995,
RET-0247,2021-08-27,Client-063,Fasteners & Fittings,4.26,Edge damage,VS01,True,PO-2021-1443,75135.63,4.26,320077.7838,
RET-0290,2021-08-30,Client-048,Square/Rect Tubes,0.93,Grade mismatch,VS12,True,PO-2023-4238,54227.13,0.18999999999999995,10303.154699999997,capped
RET-0177,2021-08-30,Client-074,MS Pipes,2.17,Edge damage,VS11,True,PO-2021-0090,96702.84,2.17,209845.1628,
RET-0003,2021-09-05,Client-068,GI Pipes,3.43,Bend/warp,VS04,True,PO-2023-3204,92197.48,3.43,316237.3564,
RET-0215,2021-09-17,Client-052,SS Pipes,1.35,Wrong dimensions,VS12,True,PO-2021-0670,113779.67,1.35,153602.5545,
RET-0136,2021-09-20,Client-039,Fasteners & Fittings,0.97,Wrong dimensions,VS02,True,PO-2022-2054,99452.38,0.97,96468.8086,
RET-0295,2021-10-09,Client-065,MS Flats,3.48,Edge damage,VS21,True,PO-2023-4211,116836.62,3.48,406591.4376,
RET-0208,2021-10-13,Client-060,SS Sheets,2.58,Surface rust,VS24,True,PO-2023-3773,51534.59,2.58,132959.2422,
RET-0234,2021-10-24,Client-003,Fasteners & Fittings,3.55,Wrong dimensions,VS12,True,PO-2023-3259,55372.98,3.55,196574.079,
RET-0360,2021-10-31,Client-066,Fasteners & Fittings,0.62,Grade mismatch,VS12,True,PO-2023-3259,55372.98,0.62,34331.2476,
RET-0095,2021-11-01,Client-060,Square/Rect Tubes,0.37,Weight short,VS12,True,PO-2021-0254,117835.56,0.37,43599.1572,
RET-0109,2021-11-05,Client-010,GI Wire,4.86,Bend/warp,VS03,True,PO-2021-0326,119826.56,4.86,582357.0816,
RET-0355,2021-11-15,Client-064,GI Sheets,0.9,Bend/warp,VS12,True,PO-2023-4523,49711.17,0.9,44740.053,
RET-0052,2021-11-15,Client-009,Structural Steel,4.23,Bend/warp,VS19,True,PO-2021-0083,73375.06,4.23,310376.5038,
RET-0378,2021-11-22,Client-037,ERW Pipes,1.28,Grade mismatch,VS32,True,PO-2022-1625,55696.69,1.28,71291.7632,
RET-0014,2021-11-24,Client-067,SS Sheets,2.2,Bend/warp,VS12,True,PO-2022-2491,120277.26,2.2,264609.972,
RET-0005,2021-11-27,Client-052,Angles & Channels,1.42,Wrong dimensions,VS03,True,PO-2022-2449,68705.01,1.42,97561.11419999998,
RET-0362,2021-12-08,Client-057,GI Wire,0.66,Surface rust,VS19,True,PO-2022-2189,103666.47,0.66,68419.8702,
RET-0183,2021-12-10,Client-001,MS Flats,1.31,Edge damage,VS10,True,PO-2023-4520,111898.21,1.31,146586.6551,
RET-0298,2021-12-13,Client-032,MS Pipes,4.0,Bend/warp,VS12,True,PO-2021-0506,120798.46,4.0,483193.84,
RET-0221,2021-12-13,Client-001,Hex Bars,2.41,Bend/warp,VS19,True,PO-2022-3018,112519.69,2.41,271172.45290000003,
RET-0181,2021-12-14,Client-074,Angles & Channels,2.94,Wrong dimensions,VS03,True,PO-2022-2449,68705.01,2.94,201992.72939999998,
RET-0054,2021-12-16,Client-003,Angles & Channels,4.69,Surface rust,VS03,True,PO-2022-2449,68705.01,4.69,322226.4969,
RET-0326,2021-12-19,Client-059,MS Flats,0.12,Wrong dimensions,VS25,True,PO-2021-0621,73849.7,0.12,8861.964,
RET-0116,2021-12-21,Client-021,MS Flats,0.85,Grade mismatch,VS10,True,PO-2023-4520,111898.21,0.85,95113.4785,
RET-0271,2021-12-31,Client-038,Spring Steel,1.1,Edge damage,VS18,True,PO-2021-1377,113722.23,1.1,125094.45300000001,
RET-0176,2022-01-03,Client-078,Spring Steel,1.1,Grade mismatch,VS03,True,PO-2021-0777,66558.39,1.1,73214.229,
RET-0163,2022-01-03,Client-032,MS Pipes,4.24,Grade mismatch,VS03,True,PO-2022-2664,107273.73,4.24,454840.6152,
RET-0096,2022-01-04,Client-078,GI Wire,3.33,Weight short,VS16,True,PO-2022-1861,94942.7,3.33,316159.191,
RET-0019,2022-01-04,Client-033,HR Coils,0.74,Wrong dimensions,VS19,True,PO-2021-0903,71087.45,0.74,52604.712999999996,
RET-0038,2022-01-05,Client-069,Structural Steel,4.17,Bend/warp,VS29,True,PO-2021-1015,86886.52,4.17,362316.7884,
RET-0125,2022-01-10,Client-070,Spring Steel,4.46,Grade mismatch,VS01,True,PO-2021-0925,71943.35,4.46,320867.341,
RET-0356,2022-01-24,Client-003,MS Rods,2.77,Surface rust,VS16,True,PO-2021-0129,88110.89,2.77,244067.1653,
RET-0047,2022-02-01,Client-040,MS Rods,1.05,Surface rust,VS31,True,PO-2022-2053,76281.72,1.05,80095.80600000001,
RET-0306,2022-02-03,Client-016,MS Flats,4.16,Grade mismatch,VS28,True,PO-2023-4382,107695.94,4.16,448015.1104,
RET-0333,2022-02-05,Client-062,GI Pipes,4.56,Grade mismatch,VS26,True,PO-2022-2237,113745.79,4.56,518680.8023999999,
RET-0285,2022-02-06,Client-067,GI Wire,2.11,Bend/warp,VS12,True,PO-2022-2649,106424.57,2.11,224555.8427,
RET-0122,2022-02-14,Client-013,Structural Steel,3.78,Wrong dimensions,VS32,True,PO-2022-2724,87102.81,3.78,329248.62179999996,
RET-0107,2022-02-22,Client-020,Fasteners & Fittings,3.19,Weight short,VS12,True,PO-2023-3259,55372.98,3.19,176639.80620000002,
RET-0034,2022-02-25,Client-049,GI Wire,2.87,Surface rust,VS13,True,PO-2022-2521,76319.18,2.87,219036.0466,
RET-0123,2022-02-25,Client-042,MS Pipes,3.29,Edge damage,VS19,True,PO-2023-4193,83541.31,3.29,274850.90989999997,
RET-0202,2022-03-01,Client-061,SS Sheets,3.61,Bend/warp,VS12,True,PO-2021-0746,99309.04,3.61,358505.6344,
RET-0216,2022-03-11,Client-071,Spring Steel,4.07,Wrong dimensions,VS27,True,PO-2023-4147,69647.74,4.07,283466.3018,
RET-0002,2022-03-13,Client-047,MS Sheets,4.12,Bend/warp,VS12,True,PO-2023-3731,47472.58,4.12,195587.0296,
RET-0268,2022-03-20,Client-034,Square/Rect Tubes,4.36,Bend/warp,VS09,True,PO-2023-4074,118413.63,4.36,516283.4268000001,
RET-0173,2022-03-21,Client-011,SS Pipes,2.31,Wrong dimensions,VS19,True,PO-2021-1219,56869.53,2.31,131368.6143,
RET-0146,2022-03-26,Client-046,Angles & Channels,0.23,Bend/warp,VS03,True,PO-2022-2449,68705.01,0.23,15802.1523,
RET-0376,2022-03-26,Client-067,GI Wire,0.4,Grade mismatch,VS12,True,PO-2023-3678,61116.11,0.4,24446.444000000003,
RET-0117,2022-03-27,Client-034,CR Sheets,4.02,Wrong dimensions,VS17,True,PO-2021-1495,112774.5,4.02,453353.48999999993,
RET-0248,2022-03-30,Client-038,SS Pipes,0.26,Edge damage,VS19,True,PO-2021-1219,56869.53,0.26,14786.077800000001,
RET-0318,2022-04-04,Client-049,MS Sheets,0.8,Weight short,VS11,True,PO-2022-2141,71149.98,0.8,56919.984,
RET-0017,2022-04-08,Client-052,SS Sheets,2.31,Edge damage,VS03,True,PO-2022-2884,80452.99,2.31,185846.40690000003,
RET-0111,2022-04-16,Client-056,SS Sheets,2.44,Weight short,VS19,True,PO-2023-3811,72247.42,2.44,176283.70479999998,
RET-0283,2022-04-17,Client-057,MS Sheets,4.2,Bend/warp,VS26,True,PO-2022-2917,113959.22,4.2,478628.72400000005,
RET-0076,2022-04-18,Client-011,MS Rods,0.42,Weight short,VS03,True,PO-2023-3681,72157.52,0.42,30306.1584,
RET-0294,2022-04-23,Client-017,GI Sheets,4.05,Surface rust,VS12,True,PO-2023-4523,49711.17,4.05,201330.23849999998,
RET-0336,2022-04-26,Client-053,Angles & Channels,1.9,Edge damage,VS12,True,PO-2023-4772,71528.0,1.9,135903.19999999998,
RET-0102,2022-04-27,Client-018,Square/Rect Tubes,0.57,Wrong dimensions,VS12,True,PO-2023-3667,55100.51,0.57,31407.290699999998,
RET-0149,2022-04-29,Client-056,Square/Rect Tubes,1.09,Grade mismatch,VS12,True,PO-2023-3667,55100.51,1.09,60059.55590000001,
RET-0224,2022-04-29,Client-072,Spring Steel,1.19,Surface rust,VS19,True,PO-2022-2268,89475.62,1.19,106475.98779999999,
RET-0023,2022-05-02,Client-035,SS Sheets,0.37,Bend/warp,VS12,True,PO-2021-0746,99309.04,0.37,36744.3448,
RET-0104,2022-05-02,Client-033,Angles & Channels,4.3,Weight short,VS12,True,PO-2023-4772,71528.0,4.3,307570.39999999997,
RET-0084,2022-05-02,Client-071,CR Sheets,2.87,Surface rust,VS32,True,PO-2021-1224,103866.44,2.87,298096.6828,
RET-0187,2022-05-06,Client-037,GI Pipes,0.19,Edge damage,VS19,True,PO-2023-3306,51362.2,0.19,9758.818,
RET-0040,2022-05-12,Client-038,SS Pipes,4.1,Weight short,VS14,True,PO-2022-2597,65738.62,4.1,269528.34199999995,
RET-0372,2022-05-16,Client-037,HR Coils,0.55,Wrong dimensions,VS33,True,PO-2021-1071,104633.01,0.55,57548.1555,
RET-0074,2022-05-25,Client-072,MS Pipes,3.59,Surface rust,VS03,True,PO-2022-2664,107273.73,3.59,385112.6907,
RET-0267,2022-05-29,Client-048,MS Rods,4.98,Grade mismatch,VS12,True,PO-2021-1057,85065.68,4.98,423627.08640000003,
RET-0220,2022-06-03,Client-060,HR Coils,3.82,Bend/warp,VS05,True,PO-2023-4795,74847.99,3.82,285919.32180000003,
RET-0337,2022-06-22,Client-001,ERW Pipes,3.29,Surface rust,VS13,True,PO-2022-2352,49542.22,3.29,162993.9038,
RET-0100,2022-06-23,Client-060,MS Sheets,1.87,Grade mismatch,VS14,True,PO-2021-1201,118663.96,1.87,221901.60520000002,
RET-0377,2022-06-24,Client-033,SS Sheets,0.56,Bend/warp,VS12,True,PO-2021-0746,99309.04,0.56,55613.0624,
RET-0219,2022-06-25,Client-025,GI Pipes,2.05,Surface rust,VS06,True,PO-2023-3499,71707.46,2.05,147000.293,
RET-0222,2022-06-28,Client-043,Hex Bars,3.5,Wrong dimensions,VS01,True,PO-2021-1561,98081.55,3.5,343285.425,
RET-0031,2022-07-07,Client-057,GI Sheets,0.85,Bend/warp,VS12,True,PO-2022-1686,116010.56,0.85,98608.976,
RET-0075,2022-07-12,Client-002,Structural Steel,0.67,Wrong dimensions,VS23,True,PO-2022-1893,116575.14,0.67,78105.3438,
RET-0357,2022-07-13,Client-068,Spring Steel,4.46,Grade mismatch,VS01,True,PO-2021-0763,75880.19,4.46,338425.6474,
RET-0022,2022-07-19,Client-048,HR Coils,1.82,Surface rust,VS12,True,PO-2022-2784,72375.47,1.82,131723.3554,
RET-0353,2022-07-21,Client-078,Fasteners & Fittings,2.23,Weight short,VS19,True,PO-2023-4126,120819.83,2.23,269428.2209,
RET-0008,2022-07-24,Client-001,SS Pipes,0.87,Weight short,VS12,True,PO-2022-1642,68164.61,0.87,59303.2107,
RET-0050,2022-08-02,Client-034,ERW Pipes,1.65,Edge damage,VS25,True,PO-2021-0735,90958.36,1.65,150081.294,
RET-0155,2022-08-02,Client-028,MS Rods,2.93,Edge damage,VS03,True,PO-2023-3681,72157.52,2.93,211421.53360000002,
RET-0200,2022-08-02,Client-030,MS Sheets,2.26,Edge damage,VS28,True,PO-2022-3138,104644.63,2.26,236496.8638,
RET-0273,2022-08-06,Client-077,Spring Steel,4.95,Bend/warp,VS33,True,PO-2021-0808,87870.89,4.95,434960.9055,
RET-0279,2022-08-21,Client-078,GI Pipes,1.3,Surface rust,VS03,True,PO-2023-4516,93760.0,1.3,121888.0,
RET-0342,2022-08-29,Client-006,Structural Steel,3.97,Surface rust,VS12,True,PO-2022-2048,118668.08,3.97,471112.27760000003,
RET-0083,2022-08-30,Client-069,CR Sheets,0.42,Surface rust,VS12,True,PO-2021-0487,115707.06,0.42,48596.9652,
RET-0015,2022-09-01,Client-058,GI Pipes,0.73,Edge damage,VS12,True,PO-2021-1132,84695.67,0.73,61827.8391,
RET-0145,2022-09-01,Client-073,Angles & Channels,4.78,Surface rust,VS19,True,PO-2022-2097,80144.87,2.0100000000000002,161091.1887,capped
RET-0069,2022-09-06,Client-079,GI Wire,2.0,Surface rust,VS19,True,PO-2022-2469,63994.13,2.0,127988.26,
RET-0276,2022-09-07,Client-033,GI Pipes,2.39,Wrong dimensions,VS19,True,PO-2023-3306,51362.2,2.39,122755.658,
RET-0321,2022-09-15,Client-044,GI Sheets,0.49,Grade mismatch,VS19,True,PO-2021-1161,78664.88,0.49,38545.7912,
RET-0325,2022-09-21,Client-057,MS Rods,3.79,Weight short,VS02,True,PO-2021-0130,87444.68,3.79,331415.33719999995,
RET-0165,2022-09-27,Client-060,SS Pipes,0.66,Grade mismatch,VS03,True,PO-2023-4150,64866.66,0.66,42811.9956,
RET-0064,2022-09-29,Client-062,MS Sheets,3.58,Surface rust,VS01,True,PO-2021-1431,45118.39,3.58,161523.8362,
RET-0275,2022-10-01,Client-041,ERW Pipes,2.96,Edge damage,VS16,True,PO-2021-1309,116910.2,2.96,346054.192,
RET-0035,2022-10-08,Client-075,Angles & Channels,2.77,Wrong dimensions,VS03,True,PO-2023-3826,101275.29,2.77,280532.55329999997,
RET-0304,2022-10-12,Client-065,GI Pipes,3.13,Edge damage,VS19,True,PO-2023-3306,51362.2,3.13,160763.686,
RET-0059,2022-10-15,Client-050,Fasteners & Fittings,1.88,Bend/warp,VS19,True,PO-2023-3252,68959.21,1.88,129643.31480000001,
RET-0284,2022-10-16,Client-061,MS Rods,3.91,Surface rust,VS06,True,PO-2023-4058,100229.1,3.91,391895.781,
RET-0192,2022-10-18,Client-040,HR Coils,3.75,Weight short,VS19,True,PO-2023-4597,112266.24,3.75,420998.4,
RET-0314,2022-10-26,Client-034,HR Coils,4.47,Wrong dimensions,VS17,True,PO-2021-0736,116889.51,4.47,522496.1097,
RET-0350,2022-11-06,Client-068,MS Sheets,0.12,Weight short,VS03,True,PO-2021-1285,90720.36,0.12,10886.4432,
RET-0311,2022-11-07,Client-009,CR Sheets,0.74,Bend/warp,VS12,True,PO-2021-0487,115707.06,0.74,85623.22439999999,
RET-0028,2022-11-16,Client-070,CR Sheets,2.58,Wrong dimensions,VS12,True,PO-2021-0487,115707.06,2.58,298524.2148,
RET-0315,2022-11-18,Client-074,CR Sheets,4.95,Edge damage,VS04,True,PO-2021-1304,84930.77,4.95,420407.3115,
RET-0011,2022-11-23,Client-021,MS Sheets,3.84,Surface rust,VS34,True,PO-2023-4008,82564.52,3.84,317047.75680000003,
RET-0025,2022-12-05,Client-069,SS Sheets,3.77,Edge damage,VS12,True,PO-2021-0746,99309.04,3.77,374395.0808,
RET-0365,2022-12-19,Client-023,GI Sheets,1.78,Weight short,VS19,True,PO-2021-1161,78664.88,1.78,140023.48640000002,
RET-0252,2022-12-22,Client-036,MS Flats,0.67,Grade mismatch,VS19,True,PO-2023-3413,64181.31,0.67,43001.4777,
RET-0186,2022-12-25,Client-062,GI Sheets,1.17,Surface rust,VS12,True,PO-2023-4607,56950.43,1.17,66632.0031,
RET-0317,2023-01-01,Client-030,GI Sheets,3.82,Edge damage,VS03,True,PO-2021-0478,72367.91,3.82,276445.4162,
RET-0346,2023-01-07,Client-054,MS Rods,3.73,Grade mismatch,VS19,True,PO-2023-4565,87074.9,3.73,324789.377,
RET-0375,2023-01-20,Client-033,SS Pipes,4.66,Weight short,VS14,True,PO-2021-1021,70177.1,4.66,327025.286,
RET-0009,2023-01-22,Client-043,GI Sheets,1.86,Edge damage,VS32,True,PO-2021-1297,118819.77,1.34,159218.49180000002,capped
RET-0369,2023-01-23,Client-044,GI Pipes,3.26,Surface rust,VS05,True,PO-2023-3353,90880.07,3.26,296269.0282,
RET-0322,2023-01-24,Client-023,Fasteners & Fittings,3.95,Grade mismatch,VS34,True,PO-2022-1975,96527.99,3.95,381285.5605,
RET-0293,2023-01-27,Client-076,MS Rods,0.29,Surface rust,VS27,True,PO-2021-0562,47648.93,0.29,13818.189699999999,
RET-0236,2023-02-06,Client-052,Structural Steel,3.01,Weight short,VS19,True,PO-2021-1160,80442.07,3.01,242130.6307,
RET-0039,2023-02-09,Client-026,MS Flats,0.45,Edge damage,VS13,True,PO-2023-4198,115775.93,0.45,52099.1685,
RET-0036,2023-02-12,Client-067,Fasteners & Fittings,0.91,Wrong dimensions,VS10,True,PO-2023-3577,61407.23,0.91,55880.579300000005,
RET-0249,2023-02-21,Client-008,SS Sheets,4.45,Bend/warp,VS03,True,PO-2023-3846,90793.79,4.45,404032.3655,
RET-0319,2023-02-23,Client-018,Angles & Channels,4.45,Weight short,VS25,True,PO-2021-1051,70869.02,1.59,112681.74180000002,capped
RET-0156,2023-02-28,Client-049,Angles & Channels,4.32,Weight short,VS19,True,PO-2022-2516,87125.81,3.37,293613.9797,capped
RET-0320,2023-03-02,Client-069,MS Rods,3.49,Wrong dimensions,VS29,True,PO-2023-4446,90478.39,3.49,315769.5811,
RET-0056,2023-03-06,Client-079,GI Wire,2.1,Bend/warp,VS03,True,PO-2021-0031,118994.86,1.0,118994.86,capped
RET-0367,2023-03-07,Client-004,SS Pipes,1.2,Wrong dimensions,VS12,True,PO-2022-1642,68164.61,1.2,81797.53199999999,
RET-0310,2023-03-08,Client-033,Spring Steel,0.35,Weight short,VS09,True,PO-2021-0164,116746.85,0.35,40861.3975,
RET-0132,2023-03-11,Client-022,Hex Bars,0.67,Surface rust,VS17,True,PO-2023-4160,115090.12,0.67,77110.3804,
RET-0241,2023-03-14,Client-034,GI Pipes,1.69,Wrong dimensions,VS12,True,PO-2023-3239,46841.18,1.69,79161.59419999999,
RET-0272,2023-03-14,Client-015,Fasteners & Fittings,1.25,Bend/warp,VS12,True,PO-2022-2231,115414.41,1.25,144268.0125,
RET-0154,2023-03-14,Client-039,Structural Steel,2.21,Wrong dimensions,VS03,True,PO-2023-4727,72239.2,1.78,128585.776,capped
RET-0299,2023-03-16,Client-022,SS Pipes,4.43,Edge damage,VS19,True,PO-2023-4062,84790.38,4.43,375621.3834,
RET-0366,2023-03-19,Client-061,Spring Steel,4.08,Wrong dimensions,VS32,True,PO-2021-1058,61839.02,4.08,252303.2016,
RET-0051,2023-03-29,Client-070,MS Sheets,1.46,Grade mismatch,VS13,True,PO-2022-1906,74664.47,1.46,109010.1262,
RET-0118,2023-04-02,Client-057,ERW Pipes,0.47,Edge damage,VS03,True,PO-2023-4034,92518.64,0.47,43483.7608,
RET-0335,2023-04-14,Client-061,GI Wire,0.42,Surface rust,VS18,True,PO-2023-4318,81365.81,0.42,34173.640199999994,
RET-0016,2023-04-16,Client-019,CR Sheets,3.96,Edge damage,VS31,True,PO-2022-2525,86094.4,3.96,340933.82399999996,
RET-0288,2023-05-05,Client-072,MS Rods,2.48,Surface rust,VS12,True,PO-2021-0848,57525.99,2.48,142664.4552,
RET-0078,2023-05-11,Client-030,SS Sheets,2.3,Bend/warp,VS08,True,PO-2022-3193,111459.82,2.3,256357.586,
RET-0080,2023-05-17,Client-010,HR Coils,4.0,Surface rust,VS19,True,PO-2023-3475,99749.73,4.0,398998.92,
RET-0374,2023-05-17,Client-003,MS Rods,4.85,Grade mismatch,VS03,True,PO-2021-0539,72656.54,4.85,352384.2189999999,
RET-0194,2023-05-18,Client-027,HR Coils,0.92,Weight short,VS12,True,PO-2022-2964,66651.98,0.92,61319.821599999996,
RET-0184,2023-05-19,Client-068,MS Flats,3.84,Surface rust,VS08,True,PO-2022-1868,112376.54,3.84,431525.91359999997,
RET-0287,2023-05-20,Client-066,Square/Rect Tubes,2.16,Surface rust,VS19,True,PO-2021-1188,85085.92,2.16,183785.5872,
RET-0281,2023-05-28,Client-002,Hex Bars,2.84,Edge damage,VS08,True,PO-2022-2668,101439.7,2.84,288088.74799999996,
RET-0237,2023-05-31,Client-031,MS Rods,2.43,Weight short,VS16,True,PO-2022-2973,86216.41,2.43,209505.87630000003,
RET-0223,2023-06-04,Client-067,Structural Steel,2.6,Wrong dimensions,VS12,True,PO-2021-0966,88969.31,2.6,231320.206,
RET-0371,2023-06-07,Client-077,SS Pipes,4.89,Weight short,VS24,True,PO-2023-3730,74384.26,4.89,363739.0314,
RET-0307,2023-06-15,Client-010,MS Pipes,4.19,Wrong dimensions,VS19,True,PO-2023-4647,88360.27,4.19,370229.53130000003,
RET-0062,2023-06-22,Client-062,MS Sheets,3.22,Bend/warp,VS19,True,PO-2021-0941,118783.43,2.55,302897.74649999995,capped
RET-0007,2023-07-02,Client-024,Angles & Channels,1.49,Bend/warp,VS12,True,PO-2023-4772,71528.0,1.49,106576.72,
RET-0162,2023-07-03,Client-071,Angles & Channels,4.17,Edge damage,VS19,True,PO-2022-2516,87125.81,0.0,0.0,capped
RET-0209,2023-07-07,Client-033,MS Pipes,4.5,Grade mismatch,VS04,True,PO-2022-2667,119130.22,4.5,536085.99,
RET-0178,2023-07-08,Client-048,ERW Pipes,1.5,Weight short,VS03,True,PO-2021-1421,90917.47,1.5,136376.20500000002,
RET-0092,2023-07-11,Client-078,MS Sheets,1.59,Bend/warp,VS20,True,PO-2022-2490,62386.17,1.59,99194.01030000001,
RET-0191,2023-07-13,Client-065,ERW Pipes,2.33,Bend/warp,VS16,True,PO-2021-1309,116910.2,2.33,272400.766,
RET-0231,2023-07-16,Client-004,ERW Pipes,4.94,Wrong dimensions,VS11,True,PO-2021-0598,99480.83,4.94,491435.30020000006,
RET-0264,2023-07-20,Client-023,MS Pipes,1.78,Bend/warp,VS31,True,PO-2022-2534,72778.51,1.78,129545.7478,
RET-0327,2023-08-05,Client-057,ERW Pipes,1.85,Bend/warp,VS33,True,PO-2023-4466,111649.94,1.85,206552.38900000002,
RET-0233,2023-08-07,Client-008,Spring Steel,2.45,Wrong dimensions,VS28,True,PO-2021-1122,76073.57,2.45,186380.24650000004,
RET-0169,2023-08-08,Client-052,Square/Rect Tubes,3.18,Surface rust,VS14,True,PO-2022-1723,77313.63,3.18,245857.34340000004,
RET-0277,2023-08-16,Client-043,Square/Rect Tubes,3.66,Bend/warp,VS12,True,PO-2022-1936,124278.2,3.66,454858.212,
RET-0347,2023-08-19,Client-028,Angles & Channels,4.05,Wrong dimensions,VS03,True,PO-2022-1781,83296.75,4.05,337351.83749999997,
RET-0029,2023-08-22,Client-003,GI Pipes,2.28,Grade mismatch,VS12,True,PO-2023-3239,46841.18,2.28,106797.89039999999,
RET-0348,2023-09-02,Client-062,MS Flats,4.67,Surface rust,VS18,True,PO-2023-3960,93426.67,4.67,436302.5489,
RET-0296,2023-09-04,Client-022,GI Wire,2.45,Edge damage,VS06,True,PO-2021-1191,91040.08,2.45,223048.19600000003,
RET-0201,2023-09-05,Client-027,HR Coils,4.85,Grade mismatch,VS05,True,PO-2022-2000,59097.79,4.85,286624.2815,
RET-0046,2023-09-15,Client-036,MS Sheets,3.41,Bend/warp,VS32,True,PO-2023-3419,65302.5,3.41,222681.52500000002,
RET-0211,2023-09-15,Client-004,GI Sheets,4.64,Grade mismatch,VS12,True,PO-2023-3763,104047.49,4.64,482780.3536,
RET-0269,2023-09-16,Client-040,SS Pipes,1.71,Bend/warp,VS31,True,PO-2022-2969,54508.3,1.71,93209.193,
RET-0113,2023-09-25,Client-031,MS Pipes,2.58,Grade mismatch,VS22,True,PO-2022-1734,64787.41,2.58,167151.5178,
RET-0179,2023-10-10,Client-045,MS Rods,1.97,Weight short,VS19,True,PO-2021-0211,79455.54,1.97,156527.41379999998,
RET-0159,2023-10-24,Client-015,Angles & Channels,4.6,Edge damage,VS12,True,PO-2023-3474,115223.22,4.6,530026.8119999999,
RET-0195,2023-10-29,Client-078,GI Pipes,0.49,Edge damage,VS19,True,PO-2023-4486,57703.61,0.49,28274.7689,
RET-0010,2023-11-07,Client-007,MS Flats,1.38,Surface rust,VS12,True,PO-2023-4221,110104.18,1.38,151943.76839999997,
RET-0137,2023-11-08,Client-010,MS Flats,2.71,Grade mismatch,VS06,True,PO-2022-2305,54798.74,2.71,148504.58539999998,
RET-0101,2023-11-10,Client-021,HR Coils,4.1,Wrong dimensions,VS12,True,PO-2023-4276,101567.96,4.1,416428.636,
RET-0072,2023-11-30,Client-058,Square/Rect Tubes,1.81,Bend/warp,VS03,True,PO-2021-0689,66944.25,1.81,121169.0925,
RET-0308,2023-12-04,Client-042,SS Sheets,4.25,Wrong dimensions,VS30,True,PO-2023-4789,90965.58,4.25,386603.715,
RET-0198,2023-12-05,Client-070,Fasteners & Fittings,0.52,Edge damage,VS19,True,PO-2021-0209,65455.14,0.52,34036.6728,
RET-0245,2023-12-07,Client-032,MS Pipes,0.54,Wrong dimensions,VS12,True,PO-2022-3134,57834.29,0.54,31230.516600000003,
RET-0112,2023-12-10,Client-011,GI Wire,1.26,Bend/warp,VS12,True,PO-2022-1830,98311.39,1.26,123872.3514,
RET-0071,2023-12-17,Client-060,Structural Steel,2.32,Grade mismatch,VS20,True,PO-2023-4474,58814.04,2.32,136448.5728,
RET-0061,2023-12-31,Client-030,MS Flats,1.29,Grade mismatch,VS10,True,PO-2023-4770,109886.01,1.29,141752.9529,
