return_id,return_date,client_id,material_id,quantity_returned,reason,top1_supplier,top1_prob,top2_supplier,top2_prob,top3_supplier,top3_prob,prob_high_return_group,supplier_level_tier,group_level_call,group_level_confidence
RET-0000,2023-11-02,Client-000,SS Sheets,4.57,Weight short,VS12,0.228,VS19,0.172,VS03,0.164,0.565,Medium,High-return-rate group,Weak
RET-0001,2021-10-25,Client-058,MS Flats,3.46,Wrong dimensions,VS12,0.1,VS19,0.076,VS03,0.072,0.248,Low,Other suppliers,Strong
RET-0004,2021-06-14,Client-027,ERW Pipes,3.38,Weight short,VS12,0.111,VS19,0.084,VS03,0.08,0.275,Low,Other suppliers,Moderate
RET-0006,2023-06-11,Client-039,CR Sheets,3.84,Bend/warp,VS12,0.138,VS19,0.104,VS03,0.099,0.342,Low,Other suppliers,Moderate
RET-0012,2021-08-21,Client-029,MS Rods,0.2,Edge damage,VS12,0.237,VS19,0.179,VS03,0.171,0.587,Medium,High-return-rate group,Weak
RET-0013,2021-11-01,Client-037,Structural Steel,3.25,Weight short,VS12,0.199,VS19,0.15,VS03,0.143,0.492,Low,Other suppliers,Weak
RET-0020,2023-06-17,Client-006,Angles & Channels,4.84,Wrong dimensions,VS12,0.311,VS19,0.235,VS03,0.224,0.77,Medium,High-return-rate group,Strong
RET-0021,2021-06-26,Client-060,MS Pipes,2.86,Grade mismatch,VS12,0.183,VS19,0.138,VS03,0.132,0.452,Low,Other suppliers,Weak
RET-0024,2023-12-19,Client-027,MS Pipes,0.45,Edge damage,VS12,0.275,VS19,0.207,VS03,0.198,0.68,Medium,High-return-rate group,Moderate
RET-0026,2022-11-29,Client-015,MS Pipes,0.86,Wrong dimensions,VS12,0.275,VS19,0.207,VS03,0.198,0.68,Medium,High-return-rate group,Moderate
RET-0030,2021-03-12,Client-027,MS Rods,1.01,Bend/warp,VS12,0.165,VS19,0.124,VS03,0.119,0.408,Low,Other suppliers,Weak
RET-0033,2022-06-09,Client-063,Fasteners & Fittings,2.52,Weight short,VS12,0.23,VS19,0.174,VS03,0.166,0.569,Medium,High-return-rate group,Weak
RET-0041,2021-06-10,Client-048,GI Wire,1.87,Surface rust,VS12,0.25,VS19,0.189,VS03,0.18,0.619,Medium,High-return-rate group,Weak
RET-0043,2023-01-31,Client-007,Hex Bars,3.87,Weight short,VS12,0.136,VS19,0.102,VS03,0.098,0.335,Low,Other suppliers,Moderate
RET-0044,2021-10-14,Client-006,MS Flats,4.39,Bend/warp,VS12,0.099,VS19,0.074,VS03,0.071,0.244,Low,Other suppliers,Strong
RET-0045,2021-02-05,Client-049,MS Flats,4.93,Wrong dimensions,VS12,0.099,VS19,0.074,VS03,0.071,0.244,Low,Other suppliers,Strong
RET-0048,2023-01-13,Client-068,MS Sheets,2.51,Edge damage,VS12,0.104,VS19,0.078,VS03,0.074,0.256,Low,Other suppliers,Moderate
RET-0049,2022-11-27,Client-039,Fasteners & Fittings,4.32,Weight short,VS12,0.196,VS19,0.148,VS03,0.141,0.486,Low,Other suppliers,Weak
RET-0053,2022-05-14,Client-056,GI Wire,0.39,Edge damage,VS12,0.311,VS19,0.235,VS03,0.224,0.77,Medium,High-return-rate group,Strong
RET-0055,2023-07-09,Client-061,Fasteners & Fittings,1.84,Surface rust,VS12,0.252,VS19,0.19,VS03,0.181,0.623,Medium,High-return-rate group,Moderate
RET-0057,2023-03-12,Client-006,MS Pipes,3.61,Wrong dimensions,VS12,0.153,VS19,0.115,VS03,0.11,0.377,Low,Other suppliers,Moderate
RET-0060,2021-11-12,Client-010,Structural Steel,3.85,Weight short,VS12,0.199,VS19,0.15,VS03,0.143,0.492,Low,Other suppliers,Weak
RET-0063,2023-03-10,Client-028,MS Flats,4.2,Surface rust,VS12,0.099,VS19,0.074,VS03,0.071,0.244,Low,Other suppliers,Strong
RET-0065,2023-06-05,Client-073,Square/Rect Tubes,4.04,Bend/warp,VS12,0.258,VS19,0.195,VS03,0.186,0.639,Medium,High-return-rate group,Moderate
RET-0067,2022-04-27,Client-007,GI Wire,1.73,Surface rust,VS12,0.25,VS19,0.189,VS03,0.18,0.619,Medium,High-return-rate group,Weak
RET-0068,2021-10-02,Client-056,Fasteners & Fittings,3.08,Edge damage,VS12,0.199,VS19,0.15,VS03,0.143,0.492,Low,Other suppliers,Weak
RET-0070,2022-08-09,Client-019,GI Wire,3.06,Grade mismatch,VS12,0.197,VS19,0.149,VS03,0.142,0.488,Low,Other suppliers,Weak
RET-0073,2023-04-13,Client-057,Spring Steel,4.93,Grade mismatch,VS12,0.061,VS19,0.046,VS32,0.046,0.151,Low,Other suppliers,Strong
RET-0086,2023-06-22,Client-009,GI Pipes,4.47,Weight short,VS12,0.195,VS19,0.147,VS03,0.14,0.481,Low,Other suppliers,Weak
RET-0088,2021-12-08,Client-052,CR Sheets,4.45,Bend/warp,VS12,0.136,VS19,0.102,VS03,0.098,0.336,Low,Other suppliers,Moderate
RET-0089,2021-04-02,Client-070,MS Flats,0.85,Edge damage,VS12,0.217,VS19,0.164,VS03,0.156,0.537,Medium,High-return-rate group,Weak
RET-0090,2023-10-10,Client-061,Structural Steel,0.97,Surface rust,VS12,0.312,VS19,0.236,VS03,0.225,0.773,Medium,High-return-rate group,Strong
RET-0097,2022-07-25,Client-068,GI Sheets,3.96,Surface rust,VS12,0.286,VS19,0.216,VS03,0.206,0.708,Medium,High-return-rate group,Moderate
RET-0098,2021-02-08,Client-043,ERW Pipes,2.44,Grade mismatch,VS12,0.138,VS19,0.104,VS03,0.099,0.341,Low,Other suppliers,Moderate
RET-0103,2023-10-16,Client-021,GI Wire,2.8,Bend/warp,VS12,0.228,VS19,0.172,VS03,0.164,0.565,Medium,High-return-rate group,Weak
RET-0106,2021-12-23,Client-044,Hex Bars,2.66,Edge damage,VS12,0.165,VS19,0.124,VS03,0.119,0.408,Low,Other suppliers,Weak
RET-0108,2023-09-06,Client-007,GI Sheets,1.9,Grade mismatch,VS12,0.325,VS19,0.246,VS03,0.234,0.805,Medium,High-return-rate group,Strong
RET-0115,2023-02-14,Client-049,GI Sheets,1.42,Weight short,VS12,0.325,VS19,0.246,VS03,0.234,0.805,Medium,High-return-rate group,Strong
RET-0119,2023-03-12,Client-072,GI Pipes,3.0,Edge damage,VS12,0.197,VS19,0.149,VS03,0.142,0.488,Low,Other suppliers,Weak
RET-0120,2022-07-23,Client-067,MS Flats,1.08,Edge damage,VS12,0.146,VS19,0.11,VS03,0.105,0.36,Low,Other suppliers,Moderate
RET-0121,2021-11-15,Client-066,SS Pipes,5.0,Bend/warp,VS12,0.21,VS19,0.159,VS03,0.151,0.52,Medium,High-return-rate group,Weak
RET-0124,2022-01-26,Client-078,MS Flats,1.57,Wrong dimensions,VS12,0.146,VS19,0.11,VS03,0.105,0.36,Low,Other suppliers,Moderate
RET-0127,2022-03-25,Client-065,MS Rods,0.24,Edge damage,VS12,0.237,VS19,0.179,VS03,0.171,0.587,Medium,High-return-rate group,Weak
RET-0128,2023-12-02,Client-026,SS Sheets,4.03,Bend/warp,VS12,0.228,VS19,0.172,VS03,0.164,0.565,Medium,High-return-rate group,Weak
RET-0129,2021-09-19,Client-063,GI Sheets,4.97,Bend/warp,VS12,0.284,VS19,0.214,VS03,0.204,0.703,Medium,High-return-rate group,Moderate
RET-0130,2022-05-04,Client-064,SS Pipes,0.37,Weight short,VS12,0.322,VS19,0.243,VS03,0.232,0.796,Medium,High-return-rate group,Strong
RET-0131,2022-10-01,Client-060,HR Coils,2.89,Bend/warp,VS12,0.212,VS19,0.16,VS03,0.152,0.524,Medium,High-return-rate group,Weak
RET-0133,2021-04-08,Client-035,SS Pipes,2.37,Grade mismatch,VS12,0.243,VS19,0.184,VS03,0.175,0.602,Medium,High-return-rate group,Weak
RET-0134,2022-05-13,Client-045,ERW Pipes,3.13,Bend/warp,VS12,0.111,VS19,0.084,VS03,0.08,0.275,Low,Other suppliers,Moderate
RET-0139,2022-01-08,Client-013,MS Rods,0.15,Weight short,VS12,0.237,VS19,0.179,VS03,0.171,0.587,Medium,High-return-rate group,Weak
RET-0144,2022-05-29,Client-063,MS Rods,0.8,Bend/warp,VS12,0.237,VS19,0.179,VS03,0.171,0.587,Medium,High-return-rate group,Weak
RET-0147,2023-06-12,Client-004,Square/Rect Tubes,1.63,Grade mismatch,VS12,0.306,VS19,0.231,VS03,0.22,0.756,Medium,High-return-rate group,Strong
RET-0148,2021-10-02,Client-009,Structural Steel,4.07,Weight short,VS12,0.196,VS19,0.148,VS03,0.141,0.486,Low,Other suppliers,Weak
RET-0150,2021-12-03,Client-039,SS Sheets,0.56,Wrong dimensions,VS12,0.333,VS19,0.251,VS03,0.24,0.824,Medium,High-return-rate group,Strong
RET-0151,2023-06-09,Client-072,GI Wire,0.34,Bend/warp,VS12,0.311,VS19,0.235,VS03,0.224,0.77,Medium,High-return-rate group,Strong
RET-0152,2023-12-26,Client-028,Angles & Channels,3.06,Grade mismatch,VS12,0.313,VS19,0.236,VS03,0.225,0.774,Medium,High-return-rate group,Strong
RET-0153,2023-11-29,Client-070,MS Pipes,1.56,Bend/warp,VS12,0.205,VS19,0.155,VS03,0.148,0.508,Medium,High-return-rate group,Weak
RET-0157,2021-05-31,Client-017,ERW Pipes,1.15,Surface rust,VS12,0.159,VS19,0.12,VS03,0.114,0.392,Low,Other suppliers,Weak
RET-0158,2023-01-13,Client-051,ERW Pipes,3.75,Grade mismatch,VS12,0.111,VS19,0.084,VS03,0.08,0.275,Low,Other suppliers,Moderate
RET-0160,2021-12-27,Client-060,MS Rods,3.21,Surface rust,VS12,0.116,VS19,0.088,VS03,0.084,0.288,Low,Other suppliers,Moderate
RET-0166,2022-09-28,Client-046,MS Flats,2.94,Weight short,VS12,0.126,VS19,0.095,VS03,0.09,0.311,Low,Other suppliers,Moderate
RET-0168,2022-10-17,Client-054,Structural Steel,4.57,Weight short,VS12,0.196,VS19,0.148,VS03,0.141,0.486,Low,Other suppliers,Weak
RET-0170,2021-03-22,Client-041,Hex Bars,0.38,Grade mismatch,VS12,0.259,VS19,0.195,VS03,0.186,0.64,Medium,High-return-rate group,Moderate
RET-0171,2023-07-01,Client-025,SS Sheets,2.15,Bend/warp,VS12,0.261,VS19,0.197,VS03,0.188,0.645,Medium,High-return-rate group,Moderate
RET-0172,2023-11-04,Client-021,GI Pipes,0.95,Wrong dimensions,VS12,0.311,VS19,0.235,VS03,0.224,0.77,Medium,High-return-rate group,Strong
RET-0174,2021-03-29,Client-062,Angles & Channels,1.91,Edge damage,VS12,0.345,VS19,0.26,VS03,0.248,0.854,Medium,High-return-rate group,Strong
RET-0175,2023-04-06,Client-078,HR Coils,0.28,Grade mismatch,VS12,0.299,VS19,0.225,VS03,0.215,0.739,Medium,High-return-rate group,Moderate
RET-0180,2022-07-20,Client-009,Angles & Channels,3.28,Weight short,VS12,0.313,VS19,0.236,VS03,0.225,0.774,Medium,High-return-rate group,Strong
RET-0182,2021-10-03,Client-042,MS Pipes,3.85,Surface rust,VS12,0.153,VS19,0.115,VS03,0.11,0.377,Low,Other suppliers,Moderate
RET-0188,2023-09-30,Client-008,Fasteners & Fittings,2.95,Edge damage,VS12,0.23,VS19,0.174,VS03,0.166,0.569,Medium,High-return-rate group,Weak
RET-0190,2023-10-21,Client-044,SS Sheets,4.69,Weight short,VS12,0.228,VS19,0.172,VS03,0.164,0.565,Medium,High-return-rate group,Weak
RET-0193,2023-06-19,Client-079,MS Flats,0.9,Bend/warp,VS12,0.217,VS19,0.164,VS03,0.156,0.537,Medium,High-return-rate group,Weak
RET-0196,2022-11-30,Client-013,GI Wire,4.63,Weight short,VS12,0.195,VS19,0.147,VS03,0.14,0.481,Low,Other suppliers,Weak
RET-0197,2022-05-24,Client-050,SS Sheets,2.64,Wrong dimensions,VS12,0.261,VS19,0.197,VS03,0.188,0.645,Medium,High-return-rate group,Moderate
RET-0199,2021-04-09,Client-074,Angles & Channels,0.61,Surface rust,VS12,0.373,VS19,0.282,VS03,0.269,0.923,Medium,High-return-rate group,Strong
RET-0203,2021-11-19,Client-036,GI Wire,2.36,Wrong dimensions,VS12,0.228,VS19,0.172,VS03,0.164,0.565,Medium,High-return-rate group,Weak
RET-0204,2022-03-26,Client-029,CR Sheets,3.69,Weight short,VS12,0.138,VS19,0.104,VS03,0.099,0.342,Low,Other suppliers,Moderate
RET-0205,2022-11-24,Client-039,Angles & Channels,2.32,Wrong dimensions,VS12,0.333,VS19,0.251,VS03,0.24,0.824,Medium,High-return-rate group,Strong
RET-0206,2021-08-19,Client-075,MS Rods,0.96,Bend/warp,VS12,0.237,VS19,0.179,VS03,0.171,0.587,Medium,High-return-rate group,Weak
RET-0207,2021-03-10,Client-077,MS Pipes,1.42,Grade mismatch,VS12,0.205,VS19,0.155,VS03,0.148,0.508,Medium,High-return-rate group,Weak
RET-0212,2023-07-08,Client-024,GI Sheets,3.48,Grade mismatch,VS12,0.286,VS19,0.216,VS03,0.206,0.708,Medium,High-return-rate group,Moderate
RET-0213,2023-08-13,Client-066,Square/Rect Tubes,3.75,Surface rust,VS12,0.261,VS19,0.197,VS03,0.188,0.645,Medium,High-return-rate group,Moderate
RET-0214,2021-02-13,Client-067,HR Coils,3.96,Wrong dimensions,VS12,0.181,VS19,0.136,VS03,0.13,0.447,Low,Other suppliers,Weak
RET-0217,2023-09-30,Client-062,Square/Rect Tubes,4.07,Grade mismatch,VS12,0.258,VS19,0.195,VS03,0.186,0.639,Medium,High-return-rate group,Moderate
RET-0225,2021-12-14,Client-012,MS Sheets,1.44,Grade mismatch,VS12,0.122,VS19,0.092,VS03,0.088,0.301,Low,Other suppliers,Moderate
RET-0226,2022-11-10,Client-075,HR Coils,2.63,Wrong dimensions,VS12,0.212,VS19,0.16,VS03,0.152,0.524,Medium,High-return-rate group,Weak
RET-0227,2022-01-23,Client-038,GI Pipes,4.09,Bend/warp,VS12,0.195,VS19,0.147,VS03,0.14,0.481,Low,Other suppliers,Weak
RET-0229,2023-04-07,Client-073,Structural Steel,1.47,Bend/warp,VS12,0.252,VS19,0.19,VS03,0.181,0.623,Medium,High-return-rate group,Moderate
RET-0230,2021-07-23,Client-019,CR Sheets,2.85,Surface rust,VS12,0.168,VS19,0.126,VS03,0.121,0.415,Low,Other suppliers,Weak
RET-0232,2021-10-20,Client-064,SS Sheets,1.72,Wrong dimensions,VS12,0.281,VS19,0.212,VS03,0.202,0.694,Medium,High-return-rate group,Moderate
RET-0235,2022-12-11,Client-071,SS Pipes,2.89,Grade mismatch,VS12,0.243,VS19,0.184,VS03,0.175,0.602,Medium,High-return-rate group,Weak
RET-0239,2023-02-11,Client-043,Square/Rect Tubes,2.57,Bend/warp,VS12,0.288,VS19,0.217,VS03,0.207,0.713,Medium,High-return-rate group,Moderate
RET-0240,2023-12-17,Client-069,GI Sheets,4.39,Wrong dimensions,VS12,0.284,VS19,0.214,VS03,0.204,0.703,Medium,High-return-rate group,Moderate
RET-0242,2023-04-09,Client-015,Structural Steel,4.93,Grade mismatch,VS12,0.196,VS19,0.148,VS03,0.141,0.486,Low,Other suppliers,Weak
RET-0243,2022-12-13,Client-050,Spring Steel,3.82,Edge damage,VS12,0.062,VS19,0.047,VS32,0.045,0.154,Low,Other suppliers,Strong
RET-0244,2022-05-25,Client-020,Fasteners & Fittings,2.99,Surface rust,VS12,0.23,VS19,0.174,VS03,0.166,0.569,Medium,High-return-rate group,Weak
RET-0250,2023-02-16,Client-066,Angles & Channels,1.95,Edge damage,VS12,0.345,VS19,0.26,VS03,0.248,0.854,Medium,High-return-rate group,Strong
RET-0251,2021-06-25,Client-000,MS Pipes,3.94,Bend/warp,VS12,0.153,VS19,0.115,VS03,0.11,0.377,Low,Other suppliers,Moderate
RET-0254,2023-01-03,Client-048,GI Sheets,2.09,Edge damage,VS12,0.31,VS19,0.234,VS03,0.223,0.768,Medium,High-return-rate group,Strong
RET-0255,2022-09-20,Client-075,Angles & Channels,0.55,Surface rust,VS12,0.373,VS19,0.282,VS03,0.269,0.923,Medium,High-return-rate group,Strong
RET-0256,2022-05-17,Client-042,MS Rods,2.35,Weight short,VS12,0.144,VS19,0.108,VS03,0.103,0.355,Low,Other suppliers,Moderate
RET-0257,2021-03-06,Client-023,MS Rods,2.15,Weight short,VS12,0.144,VS19,0.108,VS03,0.103,0.355,Low,Other suppliers,Moderate
RET-0258,2021-12-19,Client-075,SS Sheets,2.06,Edge damage,VS12,0.261,VS19,0.197,VS03,0.188,0.645,Medium,High-return-rate group,Moderate
RET-0259,2021-09-24,Client-066,Hex Bars,2.82,Weight short,VS12,0.165,VS19,0.124,VS03,0.119,0.408,Low,Other suppliers,Weak
RET-0260,2021-03-12,Client-039,GI Sheets,2.68,Weight short,VS12,0.31,VS19,0.234,VS03,0.223,0.768,Medium,High-return-rate group,Strong
RET-0261,2021-11-09,Client-030,MS Rods,4.35,Grade mismatch,VS12,0.114,VS19,0.086,VS03,0.082,0.283,Low,Other suppliers,Moderate
RET-0262,2022-01-03,Client-002,MS Sheets,3.04,Edge damage,VS12,0.081,VS19,0.061,VS03,0.059,0.202,Low,Other suppliers,Strong
RET-0263,2022-04-17,Client-025,SS Pipes,1.45,Edge damage,VS12,0.265,VS19,0.2,VS03,0.19,0.654,Medium,High-return-rate group,Moderate
RET-0265,2023-10-21,Client-048,Square/Rect Tubes,3.24,Bend/warp,VS12,0.261,VS19,0.197,VS03,0.188,0.645,Medium,High-return-rate group,Moderate
RET-0266,2022-03-12,Client-013,Fasteners & Fittings,4.83,Surface rust,VS12,0.196,VS19,0.148,VS03,0.141,0.486,Low,Other suppliers,Weak
RET-0270,2021-09-30,Client-039,Square/Rect Tubes,1.74,Edge damage,VS12,0.306,VS19,0.231,VS03,0.22,0.756,Medium,High-return-rate group,Strong
RET-0280,2023-03-23,Client-021,MS Pipes,4.91,Surface rust,VS12,0.15,VS19,0.113,VS03,0.108,0.371,Low,Other suppliers,Moderate
RET-0282,2023-11-10,Client-060,Structural Steel,1.86,Surface rust,VS12,0.252,VS19,0.19,VS03,0.181,0.623,Medium,High-return-rate group,Moderate
RET-0286,2022-05-09,Client-015,Spring Steel,1.28,Wrong dimensions,VS12,0.096,VS19,0.072,VS03,0.069,0.237,Low,Other suppliers,Strong
RET-0289,2022-05-06,Client-032,MS Rods,4.83,Edge damage,VS12,0.114,VS19,0.086,VS03,0.082,0.283,Low,Other suppliers,Moderate
RET-0292,2021-03-20,Client-031,MS Sheets,4.31,Weight short,VS12,0.08,VS19,0.06,VS03,0.057,0.198,Low,Other suppliers,Strong
RET-0297,2022-03-11,Client-055,HR Coils,4.7,Grade mismatch,VS12,0.178,VS19,0.134,VS03,0.128,0.441,Low,Other suppliers,Weak
RET-0300,2021-05-19,Client-027,GI Wire,0.48,Weight short,VS12,0.311,VS19,0.235,VS03,0.224,0.77,Medium,High-return-rate group,Strong
RET-0301,2023-10-25,Client-047,HR Coils,4.15,Wrong dimensions,VS12,0.178,VS19,0.134,VS03,0.128,0.441,Low,Other suppliers,Weak
RET-0302,2023-06-26,Client-036,Angles & Channels,2.2,Surface rust,VS12,0.333,VS19,0.251,VS03,0.24,0.824,Medium,High-return-rate group,Strong
RET-0305,2021-09-22,Client-027,SS Sheets,1.76,Edge damage,VS12,0.281,VS19,0.212,VS03,0.202,0.694,Medium,High-return-rate group,Moderate
RET-0309,2022-07-11,Client-079,GI Pipes,0.53,Edge damage,VS12,0.311,VS19,0.235,VS03,0.224,0.77,Medium,High-return-rate group,Strong
RET-0312,2023-07-02,Client-044,ERW Pipes,3.88,Bend/warp,VS12,0.111,VS19,0.084,VS03,0.08,0.275,Low,Other suppliers,Moderate
RET-0313,2023-07-20,Client-029,Square/Rect Tubes,0.68,Grade mismatch,VS12,0.35,VS19,0.264,VS03,0.251,0.865,Medium,High-return-rate group,Strong
RET-0316,2021-09-08,Client-060,Angles & Channels,2.84,Wrong dimensions,VS12,0.333,VS19,0.251,VS03,0.24,0.824,Medium,High-return-rate group,Strong
RET-0329,2021-05-04,Client-006,CR Sheets,4.44,Weight short,VS12,0.136,VS19,0.102,VS03,0.098,0.336,Low,Other suppliers,Moderate
RET-0331,2021-04-25,Client-034,Square/Rect Tubes,0.16,Bend/warp,VS12,0.35,VS19,0.264,VS03,0.251,0.865,Medium,High-return-rate group,Strong
RET-0332,2021-08-26,Client-079,Structural Steel,3.77,Surface rust,VS12,0.199,VS19,0.15,VS03,0.143,0.492,Low,Other suppliers,Weak
RET-0340,2022-04-07,Client-037,GI Pipes,0.83,Edge damage,VS12,0.311,VS19,0.235,VS03,0.224,0.77,Medium,High-return-rate group,Strong
RET-0341,2023-04-25,Client-038,Structural Steel,1.97,Edge damage,VS12,0.252,VS19,0.19,VS03,0.181,0.623,Medium,High-return-rate group,Moderate
RET-0343,2022-05-31,Client-068,Structural Steel,4.44,Wrong dimensions,VS12,0.196,VS19,0.148,VS03,0.141,0.486,Low,Other suppliers,Weak
RET-0344,2021-10-08,Client-058,Spring Steel,0.89,Grade mismatch,VS12,0.158,VS19,0.119,VS03,0.113,0.39,Low,Other suppliers,Weak
RET-0345,2022-07-11,Client-013,Structural Steel,3.31,Bend/warp,VS12,0.199,VS19,0.15,VS03,0.143,0.492,Low,Other suppliers,Weak
RET-0351,2022-03-03,Client-033,CR Sheets,3.1,Grade mismatch,VS12,0.138,VS19,0.104,VS03,0.099,0.342,Low,Other suppliers,Moderate
RET-0352,2023-09-06,Client-050,GI Pipes,4.77,Bend/warp,VS12,0.195,VS19,0.147,VS03,0.14,0.481,Low,Other suppliers,Weak
RET-0359,2022-05-20,Client-059,GI Pipes,4.62,Wrong dimensions,VS12,0.195,VS19,0.147,VS03,0.14,0.481,Low,Other suppliers,Weak
RET-0361,2021-08-13,Client-029,Fasteners & Fittings,4.57,Wrong dimensions,VS12,0.196,VS19,0.148,VS03,0.141,0.486,Low,Other suppliers,Weak
RET-0368,2022-06-25,Client-012,Structural Steel,1.4,Edge damage,VS12,0.252,VS19,0.19,VS03,0.181,0.623,Medium,High-return-rate group,Moderate
RET-0370,2023-03-20,Client-039,HR Coils,2.49,Bend/warp,VS12,0.212,VS19,0.16,VS03,0.152,0.524,Medium,High-return-rate group,Weak
RET-0379,2023-11-20,Client-025,SS Sheets,0.79,Grade mismatch,VS12,0.333,VS19,0.251,VS03,0.24,0.824,Medium,High-return-rate group,Strong
