supplier_id,supplier_name,po_count,ordered_value_inr,billed_inr,short_pct_of_qty,late_po_pct,avg_days_late,rejection_pct,A_billing_gap_inr,A_baseline_inr,A_excess_gap_inr,B_rejection_loss_inr,price_premium_vs_panel_inr,price_vs_panel_pct_mean,price_z,late_cost_proxy_inr,arora_avg_days_late_paying,C_confirmed_returns_inr,C_confirmed_return_count,HEADLINE_LOSS_inr,HEADLINE_LOSS_pct_of_billed,rank,D_inferred_returns_expected_inr,D_inferred_returns_p10_inr,D_inferred_returns_p90_inr,D_inferred_return_count_expected,HEADLINE_LOSS_v2_inr,returns_per_1000MT_all,rank_v2
VS12,Nutan Tubes,147.0,334085521.23,334085521.19,3.58,100.0,5.09,2.53,11934605.84,1707823.76,10226782.08,8228767.18,5356898.93,1.01,0.43,395872.86,7.16,9466955.12,54,27922504.37,8.36,1,6250110.0,4684100.0,7799582.0,30.8,34172614.379999995,22.16,1
VS19,Thakur Steel,141.0,296513677.34,296513677.33,3.57,100.0,5.01,2.65,10589582.43,1515758.91,9073823.52,7408246.63,8803292.42,2.33,1.04,343293.04,6.91,7451599.62,41,23933669.77,8.07,2,4399234.0,3026794.0,5750911.0,23.2,28332903.77,19.35,2
VS03,Tata Steel Service,141.0,299739972.86,299739972.86,3.52,100.0,4.84,2.59,10434508.64,1532251.52,8902257.11,7360581.6,5930884.6,3.46,1.54,320919.17,7.44,7353150.86,39,23615989.57,7.88,3,4511476.0,3114660.0,5966349.0,22.1,28127465.57,17.88,3
VS17,Modern Metals,123.0,258196903.52,258196903.55,0.53,75.61,1.49,0.0,1379868.96,1319886.02,59982.94,0.0,-7369318.13,-1.69,-0.75,37531.62,5.28,1989625.58,6,2049608.52,0.79,4,820716.0,219047.0,1505404.0,3.4,2870324.52,2.95,4
VS16,Garg Enterprises,133.0,293979662.4,293979662.39,0.48,77.44,1.71,0.0,1423221.08,1502805.18,0.0,0.0,12974842.72,4.51,2.02,59355.53,6.59,1799803.06,6,1799803.06,0.61,5,895784.0,223943.0,1633037.0,3.4,2695587.06,2.79,5
VS11,Sai Steel,136.0,266700084.94,266700084.98,0.5,81.62,1.61,0.0,1332436.42,1363353.73,0.0,0.0,-1739281.82,0.99,0.48,42409.94,7.69,1519736.58,6,1519736.58,0.57,6,768665.0,222735.0,1389189.0,3.4,2288401.58,2.93,6
VS32,Precision Steel,148.0,312587985.79,312587985.76,0.44,79.73,1.58,0.0,1313552.92,1597929.74,0.0,0.0,-3466269.27,-2.05,-0.98,46246.4,8.18,1332840.29,6,1332840.29,0.43,9,860083.0,237689.0,1553596.0,3.4,2192923.29,2.49,7
VS01,Jindal Steel & Power,142.0,306070350.47,306070350.49,0.52,73.94,1.54,0.0,1572178.09,1564612.01,7566.08,0.0,-7737015.31,-3.19,-1.5,53661.83,6.77,1484180.03,5,1491746.12,0.49,7,628542.0,107456.0,1218389.0,2.9,2120288.1100000003,2.11,8
VS05,Bhushan Steel,137.0,284769981.41,284769981.35,0.54,75.18,1.58,0.0,1548061.84,1455725.89,92335.95,0.0,-5764593.1,-3.03,-1.44,48179.1,7.57,1208480.91,4,1300816.87,0.46,10,567221.0,13251.0,1126742.0,2.4,1868037.8599999999,1.84,9
VS28,Param Industries,150.0,299367739.06,299367739.03,0.45,82.0,1.8,0.0,1363006.99,1530348.69,0.0,0.0,-8143668.26,-1.54,-0.74,68299.19,7.53,1131537.18,5,1131537.18,0.38,12,721133.0,131281.0,1342956.0,2.9,1852670.18,2.15,10
VS04,Shyam Metalics,125.0,244464011.76,244464011.74,0.54,70.4,1.38,0.0,1335603.42,1249684.35,85919.07,0.0,-10520228.73,-3.87,-1.62,37134.67,7.01,1272730.66,3,1358649.73,0.56,8,440539.0,0.0,943948.0,1.8,1799188.73,1.58,11
VS08,Ratnamani Metals,171.0,375401401.45,375401401.45,0.49,71.93,1.48,0.0,1813255.37,1919027.89,0.0,0.0,-2427449.29,-0.86,-0.45,61608.28,7.01,1199691.64,4,1199691.64,0.32,11,593085.0,66477.0,1188820.0,2.4,1792776.64,1.41,12
VS14,Sunrise Metals,144.0,276210523.26,276210523.27,0.47,79.17,1.58,0.0,1305572.37,1411970.48,0.0,0.0,-9712480.75,-3.85,-1.79,51666.21,7.67,1064312.58,4,1064312.58,0.39,14,583674.0,36895.0,1169658.0,2.4,1647986.58,1.87,13
VS06,APL Apollo Tubes,146.0,337418624.81,337418624.87,0.47,77.4,1.5,0.0,1594789.4,1724862.38,0.0,0.0,3380433.15,1.88,0.92,49413.43,7.55,910448.86,4,910448.86,0.27,16,610011.0,53981.0,1212694.0,2.4,1520459.8599999999,1.6,14
VS34,Supreme Fittings,144.0,303675720.46,303675720.53,0.52,74.31,1.57,0.0,1566920.41,1552370.81,14549.6,0.0,5428264.49,2.19,0.97,56619.86,8.19,928080.88,4,942630.48,0.31,15,568955.0,28873.0,1163396.0,2.4,1511585.48,1.79,15
VS31,Sunrise Alloys,132.0,289931630.74,289931630.77,0.47,70.45,1.45,0.0,1348726.92,1482111.91,0.0,0.0,4643782.1,1.6,0.73,43632.16,8.15,774788.61,5,774788.61,0.27,20,723206.0,145984.0,1340033.0,2.9,1497994.6099999999,2.31,16
VS10,Gallantt Metal,149.0,311692631.02,311692631.05,0.54,77.18,1.52,0.0,1650210.07,1593352.74,56857.32,0.0,4677487.8,0.9,0.43,51065.78,7.07,652155.83,5,709013.16,0.23,21,733550.0,137225.0,1390500.0,2.9,1442563.15,2.15,17
VS26,Rajdhani Steel,155.0,329679262.66,329679262.67,0.54,78.71,1.64,0.0,1784073.65,1685299.25,98774.39,0.0,1852975.05,1.22,0.57,69013.58,8.05,997309.53,2,1096083.92,0.33,13,331991.0,0.0,795948.0,1.3,1428074.92,0.84,18
VS18,Kumar Hardware,132.0,296138293.67,296138293.68,0.52,75.76,1.49,0.0,1542672.47,1513839.97,28832.5,0.0,7813442.61,2.13,1.02,50836.79,7.04,771310.94,4,800143.44,0.27,17,566853.0,47967.0,1155184.0,2.4,1366996.44,1.86,19
VS09,MSP Steel,149.0,312933276.4,312933276.46,0.45,81.21,1.53,0.0,1418560.71,1599694.84,0.0,0.0,9626927.44,2.56,1.22,44271.03,7.64,796846.42,3,796846.42,0.25,18,462021.0,0.0,989282.0,1.8,1258867.42,1.32,20
VS13,Radhe Alloys,119.0,257908060.1,257908060.06,0.54,69.75,1.58,0.0,1418110.63,1318409.47,99701.17,0.0,8799260.96,0.7,0.3,50683.92,7.05,543139.25,4,642840.41,0.25,23,578590.0,20982.0,1178334.0,2.3,1221430.42,2.1,21
VS29,Global Metals,149.0,298440828.45,298440828.45,0.51,72.48,1.37,0.0,1542045.96,1525610.38,16435.58,0.0,2442928.3,0.01,0.0,41842.04,7.74,761129.23,3,777564.8,0.26,19,407712.0,0.0,856979.0,1.8,1185276.81,1.36,22
VS33,Premium Metals,131.0,272169450.3,272169450.28,0.49,81.68,1.54,0.0,1335192.91,1391312.78,0.0,0.0,-1663594.14,0.89,0.39,42090.18,7.76,699061.45,3,699061.45,0.26,22,437748.0,0.0,931864.0,1.8,1136809.45,1.46,23
VS25,Laxmi Hardware,148.0,314396950.83,314396950.83,0.49,73.65,1.38,0.0,1518690.36,1607177.05,0.0,0.0,1029284.46,-0.56,-0.26,45551.23,8.43,392599.76,4,392599.76,0.12,28,590711.0,29222.0,1179585.0,2.4,983310.76,1.7,24
VS21,Viraj Profiles,140.0,294053407.86,294053407.85,0.47,75.0,1.51,0.0,1429027.87,1503182.17,0.0,0.0,-6715791.13,-3.87,-1.71,50529.28,7.06,501722.97,2,501722.97,0.17,24,313639.0,0.0,740621.0,1.3,815361.97,0.91,25
VS23,Krishna Pipes,128.0,247726823.76,247726823.72,0.51,69.53,1.43,0.0,1258939.67,1266363.64,0.0,0.0,2981139.93,0.7,0.35,41518.16,7.13,480999.41,2,480999.41,0.19,26,322087.0,0.0,784241.0,1.3,803086.4099999999,1.13,26
VS24,Om Metals,136.0,278607733.44,278607733.42,0.49,76.47,1.57,0.0,1334213.19,1424224.87,0.0,0.0,-6116807.38,-2.79,-1.15,48372.65,6.74,496698.27,2,496698.27,0.18,25,305450.0,0.0,727777.0,1.3,802148.27,0.97,27
VS02,SAIL Distribution,142.0,317513624.75,317513624.75,0.51,76.06,1.44,0.0,1630527.85,1623109.29,7418.56,0.0,-4819668.44,-0.81,-0.35,45323.99,6.76,427884.15,2,435302.71,0.14,27,304938.0,0.0,722960.0,1.3,740240.71,0.85,28
VS27,National Pipes,122.0,249523998.64,249523998.63,0.54,81.97,1.74,0.0,1364438.16,1275550.68,88887.47,0.0,4353842.88,0.24,0.1,49754.06,7.57,297284.49,2,386171.96,0.15,30,316516.0,0.0,746067.0,1.3,702687.96,1.13,29
VS30,Apex Hardware,153.0,317512681.67,317512681.67,0.49,77.78,1.76,0.0,1567465.68,1623104.47,0.0,0.0,3700019.9,0.11,0.05,72237.04,7.57,386603.72,1,386603.72,0.12,29,197496.0,0.0,529529.0,0.8,584099.72,0.48,30
VS20,Bhavani Metals,141.0,314860265.25,314860265.26,0.47,74.47,1.54,0.0,1485156.68,1609545.49,0.0,0.0,7131390.91,1.98,0.95,43942.71,7.89,235642.58,2,235642.58,0.07,33,320195.0,0.0,768583.0,1.3,555837.58,0.9,31
VS15,Western Steel,152.0,302962216.63,302962216.57,0.53,68.42,1.42,0.0,1634129.1,1548723.43,85405.67,0.0,3235142.01,1.9,0.86,46155.45,7.38,187286.71,1,272692.39,0.09,31,180108.0,0.0,501449.0,0.8,452800.38,0.5,32
VS07,Prakash Industries,166.0,329801267.39,329801267.44,0.52,73.49,1.52,0.0,1682255.97,1685922.93,0.0,0.0,-12788553.72,-2.49,-1.31,55093.35,6.37,260534.92,1,260534.92,0.08,32,183136.0,0.0,490815.0,0.8,443670.92000000004,0.44,33
VS22,Ratan Steel,128.0,261267135.51,261267135.48,0.45,82.81,1.73,0.0,1219026.91,1335580.84,0.0,0.0,-1271876.34,-0.48,-0.22,50733.91,7.63,167151.52,1,167151.52,0.06,34,182734.0,0.0,497238.0,0.8,349885.52,0.57,34
