supplier_id,supplier_name,po_count,short_pct_of_qty,late_po_pct,avg_days_late,rejection_pct,returns_per_1000MT_all,price_vs_panel_pct_mean,price_z,score_short,score_late,score_rejection,score_returns,score_price,composite,tier,rank_scorecard,HEADLINE_LOSS_v2_inr,rank_v2
VS12,Nutan Tubes,147.0,3.58,100.0,5.09,2.53,22.16,1.01,0.43,0.0,0.0,4.53,0.0,85.67,9.25,POOR,1,34172614.38,1
VS19,Thakur Steel,141.0,3.57,100.0,5.01,2.65,19.35,2.33,1.04,0.33,2.25,0.0,13.7,65.33,9.27,POOR,2,28332903.77,2
VS03,Tata Steel Service,141.0,3.52,100.0,4.84,2.59,17.88,3.46,1.54,1.95,7.04,2.26,20.87,48.67,10.78,POOR,3,28127465.57,3
VS17,Modern Metals,123.0,0.53,75.61,1.49,0.0,2.95,-1.69,-0.75,99.35,100.0,100.0,93.66,100.0,98.82,ACCEPTABLE,21,2870324.52,4
VS16,Garg Enterprises,133.0,0.48,77.44,1.71,0.0,2.79,4.51,2.02,100.0,95.21,100.0,94.44,32.67,91.24,ACCEPTABLE,4,2695587.06,5
VS11,Sai Steel,136.0,0.5,81.62,1.61,0.0,2.93,0.99,0.48,100.0,98.03,100.0,93.76,84.0,96.97,ACCEPTABLE,11,2288401.58,6
VS32,Precision Steel,148.0,0.44,79.73,1.58,0.0,2.49,-2.05,-0.98,100.0,98.87,100.0,95.9,100.0,99.1,ACCEPTABLE,23,2192923.29,7
VS01,Jindal Steel & Power,142.0,0.52,73.94,1.54,0.0,2.11,-3.19,-1.5,99.67,100.0,100.0,97.76,100.0,99.55,ACCEPTABLE,25,2120288.11,8
VS05,Bhushan Steel,137.0,0.54,75.18,1.58,0.0,1.84,-3.03,-1.44,99.02,98.87,100.0,99.07,100.0,99.24,ACCEPTABLE,24,1868037.86,9
VS28,Param Industries,150.0,0.45,82.0,1.8,0.0,2.15,-1.54,-0.74,100.0,92.68,100.0,97.56,100.0,97.8,ACCEPTABLE,14,1852670.18,10
VS04,Shyam Metalics,125.0,0.54,70.4,1.38,0.0,1.58,-3.87,-1.62,99.02,100.0,100.0,100.0,100.0,99.66,ACCEPTABLE,27,1799188.73,11
VS08,Ratnamani Metals,171.0,0.49,71.93,1.48,0.0,1.41,-0.86,-0.45,100.0,100.0,100.0,100.0,100.0,100.0,ACCEPTABLE,32,1792776.64,12
VS14,Sunrise Metals,144.0,0.47,79.17,1.58,0.0,1.87,-3.85,-1.79,100.0,98.87,100.0,98.93,100.0,99.56,ACCEPTABLE,26,1647986.58,13
VS06,APL Apollo Tubes,146.0,0.47,77.4,1.5,0.0,1.6,1.88,0.92,100.0,100.0,100.0,100.0,69.33,96.93,ACCEPTABLE,10,1520459.86,14
VS34,Supreme Fittings,144.0,0.52,74.31,1.57,0.0,1.79,2.19,0.97,99.67,99.15,100.0,99.32,67.67,96.34,ACCEPTABLE,7,1511585.48,15
VS31,Sunrise Alloys,132.0,0.47,70.45,1.45,0.0,2.31,1.6,0.73,100.0,100.0,100.0,96.78,75.67,97.08,ACCEPTABLE,13,1497994.61,16
VS10,Gallantt Metal,149.0,0.54,77.18,1.52,0.0,2.15,0.9,0.43,99.02,100.0,100.0,97.56,85.67,97.86,ACCEPTABLE,15,1442563.15,17
VS26,Rajdhani Steel,155.0,0.54,78.71,1.64,0.0,0.84,1.22,0.57,99.02,97.18,100.0,100.0,81.0,97.05,ACCEPTABLE,12,1428074.92,18
VS18,Kumar Hardware,132.0,0.52,75.76,1.49,0.0,1.86,2.13,1.02,99.67,100.0,100.0,98.98,66.0,96.33,ACCEPTABLE,6,1366996.44,19
VS09,MSP Steel,149.0,0.45,81.21,1.53,0.0,1.32,2.56,1.22,100.0,100.0,100.0,100.0,59.33,95.93,ACCEPTABLE,5,1258867.42,20
VS13,Radhe Alloys,119.0,0.54,69.75,1.58,0.0,2.1,0.7,0.3,99.02,98.87,100.0,97.81,90.0,98.05,ACCEPTABLE,17,1221430.42,21
VS29,Global Metals,149.0,0.51,72.48,1.37,0.0,1.36,0.01,0.0,100.0,100.0,100.0,100.0,100.0,100.0,ACCEPTABLE,32,1185276.81,22
VS33,Premium Metals,131.0,0.49,81.68,1.54,0.0,1.46,0.89,0.39,100.0,100.0,100.0,100.0,87.0,98.7,ACCEPTABLE,20,1136809.45,23
VS25,Laxmi Hardware,148.0,0.49,73.65,1.38,0.0,1.7,-0.56,-0.26,100.0,100.0,100.0,99.76,100.0,99.96,ACCEPTABLE,30,983310.76,24
VS21,Viraj Profiles,140.0,0.47,75.0,1.51,0.0,0.91,-3.87,-1.71,100.0,100.0,100.0,100.0,100.0,100.0,ACCEPTABLE,32,815361.97,25
VS23,Krishna Pipes,128.0,0.51,69.53,1.43,0.0,1.13,0.7,0.35,100.0,100.0,100.0,100.0,88.33,98.83,ACCEPTABLE,22,803086.41,26
VS24,Om Metals,136.0,0.49,76.47,1.57,0.0,0.97,-2.79,-1.15,100.0,99.15,100.0,100.0,100.0,99.79,ACCEPTABLE,28,802148.27,27
VS02,SAIL Distribution,142.0,0.51,76.06,1.44,0.0,0.85,-0.81,-0.35,100.0,100.0,100.0,100.0,100.0,100.0,ACCEPTABLE,32,740240.71,28
VS27,National Pipes,122.0,0.54,81.97,1.74,0.0,1.13,0.24,0.1,99.02,94.37,100.0,100.0,96.67,97.92,ACCEPTABLE,16,702687.96,29
VS30,Apex Hardware,153.0,0.49,77.78,1.76,0.0,0.48,0.11,0.05,100.0,93.8,100.0,100.0,98.33,98.28,ACCEPTABLE,18,584099.72,30
VS20,Bhavani Metals,141.0,0.47,74.47,1.54,0.0,0.9,1.98,0.95,100.0,100.0,100.0,100.0,68.33,96.83,ACCEPTABLE,8,555837.58,31
VS15,Western Steel,152.0,0.53,68.42,1.42,0.0,0.5,1.9,0.86,99.35,100.0,100.0,100.0,71.33,96.91,ACCEPTABLE,9,452800.38,32
VS07,Prakash Industries,166.0,0.52,73.49,1.52,0.0,0.44,-2.49,-1.31,99.67,100.0,100.0,100.0,100.0,99.88,ACCEPTABLE,29,443670.92,33
VS22,Ratan Steel,128.0,0.45,82.81,1.73,0.0,0.57,-0.48,-0.22,100.0,94.65,100.0,100.0,100.0,98.66,ACCEPTABLE,19,349885.52,34
