supplier_id,in_master,material_id,po_count,short_pct,billing_gap_inr,excess_gap_inr,rejection_loss_inr,avg_days_late,low_sample_flag
VS01,False,Angles & Channels,8.0,0.72,144307.99,45170.13,0.0,1.88,False
VS01,False,Fasteners & Fittings,5.0,0.46,61154.3,-3437.94,0.0,1.8,False
VS01,False,GI Pipes,11.0,0.37,71319.0,-30615.63,0.0,1.27,False
VS01,False,GI Sheets,7.0,0.52,82624.05,2665.36,0.0,0.86,False
VS01,False,GI Wire,9.0,0.61,85596.16,11240.36,0.0,1.22,False
VS01,False,HR Coils,6.0,0.4,43440.17,-17164.52,0.0,2.17,False
VS01,False,Hex Bars,6.0,0.44,86108.02,-9363.65,0.0,1.67,False
VS01,False,MS Flats,7.0,0.37,41893.18,-13092.08,0.0,1.29,False
VS01,False,MS Rods,6.0,0.3,21209.17,-12884.67,0.0,0.83,False
VS01,False,MS Sheets,10.0,0.58,108726.98,5451.32,0.0,1.4,False
VS01,False,SS Pipes,4.0,0.59,23960.99,-1979.24,0.0,1.25,True
VS01,False,SS Sheets,10.0,0.48,111287.42,-5662.39,0.0,2.1,False
VS01,False,Spring Steel,4.0,0.64,61601.04,13869.11,0.0,1.0,True
VS01,False,Square/Rect Tubes,11.0,0.69,174748.04,44494.18,0.0,2.0,False
VS01,False,Structural Steel,8.0,0.39,55931.41,-13070.03,0.0,1.75,False
VS01,True,CR Sheets,11.0,0.57,161075.1,16815.97,0.0,2.09,False
VS01,True,ERW Pipes,13.0,0.43,167961.83,-21574.23,0.0,1.54,False
VS01,True,MS Pipes,6.0,0.55,69233.26,-3295.97,0.0,0.67,False
VS02,False,Angles & Channels,6.0,0.54,90162.82,-5885.39,0.0,1.83,False
VS02,False,CR Sheets,5.0,0.33,21142.07,-10395.93,0.0,1.6,False
VS02,False,ERW Pipes,8.0,0.58,101359.51,12174.25,0.0,1.25,False
VS02,False,Fasteners & Fittings,7.0,0.29,36501.12,-27294.38,0.0,2.0,False
VS02,False,GI Pipes,9.0,0.47,116346.43,-2823.78,0.0,1.11,False
VS02,False,GI Sheets,6.0,0.6,50105.58,5669.23,0.0,1.5,False
VS02,False,HR Coils,10.0,0.49,120277.77,-13081.63,0.0,2.1,False
VS02,False,Hex Bars,9.0,0.52,80377.75,4196.52,0.0,0.89,False
VS02,False,MS Flats,19.0,0.6,251374.72,42348.7,0.0,1.16,False
VS02,False,MS Pipes,9.0,0.54,111617.94,3264.03,0.0,1.56,False
VS02,False,MS Rods,10.0,0.56,127096.43,12200.39,0.0,2.0,False
VS02,False,MS Sheets,6.0,0.6,46878.12,6774.05,0.0,1.0,False
VS02,False,SS Sheets,5.0,0.44,36001.1,-741.22,0.0,1.4,False
VS02,False,Square/Rect Tubes,3.0,0.41,51054.18,-4586.38,0.0,1.67,True
VS02,False,Structural Steel,6.0,0.48,63496.08,-6870.37,0.0,1.67,False
VS02,True,GI Wire,3.0,0.38,56082.7,-20572.64,0.0,0.33,True
VS02,True,SS Pipes,9.0,0.69,147976.98,39368.6,0.0,1.78,False
VS02,True,Spring Steel,12.0,0.45,122676.55,-26325.52,0.0,1.08,False
VS03,False,Angles & Channels,8.0,3.29,433022.48,363811.43,250858.48,5.0,False
VS03,False,CR Sheets,4.0,4.05,243180.96,212446.93,159394.5,3.5,True
VS03,False,ERW Pipes,10.0,3.59,598366.87,513384.92,310204.49,3.8,False
VS03,False,Fasteners & Fittings,5.0,3.87,445738.58,386333.11,284814.17,5.2,False
VS03,False,GI Pipes,9.0,3.23,715537.97,599654.67,529668.51,4.67,False
VS03,False,GI Sheets,8.0,4.02,529837.41,460974.51,309152.02,5.38,False
VS03,False,GI Wire,11.0,3.67,826353.26,713210.32,503383.02,6.0,False
VS03,False,HR Coils,6.0,3.65,470373.64,406573.58,330984.84,3.83,False
VS03,False,MS Flats,12.0,3.76,992037.07,852092.78,855848.19,5.25,False
VS03,False,MS Pipes,8.0,3.55,666669.63,568726.25,514330.8,6.25,False
VS03,False,MS Rods,10.0,3.52,896651.58,764902.86,607263.53,4.6,False
VS03,False,MS Sheets,6.0,3.3,594538.96,500372.81,381080.01,4.83,False
VS03,False,SS Pipes,9.0,3.15,730936.65,610546.26,604370.87,4.56,False
VS03,False,SS Sheets,7.0,3.26,488165.49,411187.71,348052.59,3.86,False
VS03,False,Spring Steel,4.0,3.6,334536.1,287846.76,232412.5,4.75,True
VS03,False,Square/Rect Tubes,7.0,3.66,367183.79,316732.23,321741.64,3.86,False
VS03,False,Structural Steel,7.0,3.27,447303.41,376041.69,351354.05,4.14,False
VS03,True,Hex Bars,10.0,3.4,654074.78,557418.27,465667.39,6.0,False
VS04,False,Angles & Channels,10.0,0.58,107973.23,17781.09,0.0,1.1,False
VS04,False,CR Sheets,4.0,0.57,82773.18,6829.59,0.0,2.5,True
VS04,False,ERW Pipes,6.0,0.58,87365.08,13854.67,0.0,0.67,False
VS04,False,Fasteners & Fittings,11.0,0.61,127886.92,21339.69,0.0,1.09,False
VS04,False,GI Pipes,3.0,0.37,31026.19,-14316.43,0.0,1.0,True
VS04,False,GI Sheets,5.0,0.63,60933.64,13998.24,0.0,1.4,False
VS04,False,Hex Bars,12.0,0.56,127917.87,18184.27,0.0,1.08,False
VS04,False,MS Flats,5.0,0.51,39086.94,-3027.7,0.0,2.8,False
VS04,False,MS Pipes,10.0,0.44,81677.76,-10347.94,0.0,2.2,False
VS04,False,MS Rods,8.0,0.49,97646.64,-4528.75,0.0,1.38,False
VS04,False,MS Sheets,5.0,0.52,41667.53,2135.52,0.0,1.2,False
VS04,False,SS Pipes,6.0,0.43,53372.24,-7824.64,0.0,1.83,False
VS04,False,SS Sheets,4.0,0.68,51344.85,11884.68,0.0,0.75,True
VS04,False,Square/Rect Tubes,7.0,0.58,64106.69,5061.11,0.0,1.0,False
VS04,False,Structural Steel,6.0,0.45,29798.99,-3413.24,0.0,1.17,False
VS04,True,GI Wire,7.0,0.41,47033.05,-14640.97,0.0,1.57,False
VS04,True,HR Coils,11.0,0.51,125061.56,5479.07,0.0,1.09,False
VS04,True,Spring Steel,5.0,0.8,78931.07,27470.8,0.0,1.6,False
VS05,False,Angles & Channels,9.0,0.46,84751.3,-12029.54,0.0,1.78,False
VS05,False,ERW Pipes,3.0,0.76,44968.69,15607.15,0.0,0.67,True
VS05,False,Fasteners & Fittings,6.0,0.61,63864.65,15143.43,0.0,1.83,False
VS05,False,GI Pipes,12.0,0.65,125084.8,28131.58,0.0,1.75,False
VS05,False,GI Sheets,8.0,0.58,131272.2,14575.36,0.0,2.25,False
VS05,False,HR Coils,7.0,0.59,64922.58,6416.55,0.0,2.29,False
VS05,False,Hex Bars,8.0,0.57,93177.62,11359.57,0.0,1.5,False
VS05,False,MS Pipes,6.0,0.47,42609.58,-7581.23,0.0,1.5,False
VS05,False,MS Rods,7.0,0.46,81475.86,-6593.4,0.0,2.29,False
VS05,False,MS Sheets,3.0,0.59,57693.87,6623.16,0.0,0.67,True
VS05,False,SS Pipes,7.0,0.49,57912.63,-3948.74,0.0,1.86,False
VS05,False,SS Sheets,7.0,0.55,53530.98,3859.69,0.0,1.71,False
VS05,False,Spring Steel,5.0,0.33,36779.36,-21018.29,0.0,1.4,False
VS05,False,Square/Rect Tubes,14.0,0.57,184798.53,26507.68,0.0,1.0,False
VS05,False,Structural Steel,11.0,0.44,116099.22,-12504.22,0.0,1.27,False
VS05,True,CR Sheets,12.0,0.5,148558.58,-13594.51,0.0,0.67,False
VS05,True,GI Wire,4.0,0.53,43729.08,-998.13,0.0,2.25,True
VS05,True,MS Flats,8.0,0.78,116832.3,42379.85,0.0,2.0,False
VS06,False,Angles & Channels,5.0,0.56,57681.09,6225.88,0.0,1.8,False
VS06,False,CR Sheets,4.0,0.67,61200.9,15611.2,0.0,1.0,True
VS06,False,ERW Pipes,4.0,0.37,42609.68,-11823.46,0.0,2.0,True
VS06,False,Fasteners & Fittings,10.0,0.36,82436.02,-24963.78,0.0,1.1,False
VS06,False,GI Pipes,9.0,0.6,140127.73,18739.66,0.0,1.89,False
VS06,False,GI Sheets,3.0,0.37,25146.82,-10702.92,0.0,2.33,True
VS06,False,GI Wire,11.0,0.63,154981.1,25505.94,0.0,2.0,False
VS06,False,HR Coils,5.0,0.28,32317.87,-21300.67,0.0,1.0,False
VS06,False,Hex Bars,6.0,0.61,110042.99,23658.03,0.0,0.5,False
VS06,False,MS Flats,17.0,0.41,171742.42,-52532.23,0.0,1.41,False
VS06,False,MS Pipes,5.0,0.61,64079.8,7396.25,0.0,2.0,False
VS06,False,MS Sheets,13.0,0.41,68352.9,-14637.84,0.0,1.23,False
VS06,False,SS Pipes,11.0,0.6,108638.47,15905.84,0.0,2.0,False
VS06,False,SS Sheets,12.0,0.64,155020.94,31755.4,0.0,1.08,False
VS06,False,Spring Steel,11.0,0.44,133110.27,-17759.64,0.0,1.27,False
VS06,False,Square/Rect Tubes,6.0,0.26,56553.37,-53377.91,0.0,2.33,False
VS06,False,Structural Steel,7.0,0.4,82405.02,-13476.39,0.0,1.43,False
VS06,True,MS Rods,7.0,0.24,48342.0,-54296.35,0.0,1.43,False
VS07,False,Angles & Channels,3.0,0.12,7644.89,-22430.34,0.0,1.0,True
VS07,False,CR Sheets,11.0,0.56,164313.68,7264.3,0.0,1.27,False
VS07,False,ERW Pipes,8.0,0.7,111551.02,28786.99,0.0,1.38,False
VS07,False,GI Pipes,10.0,0.51,77400.41,-599.68,0.0,1.7,False
VS07,False,GI Sheets,11.0,0.61,156380.93,26742.37,0.0,1.91,False
VS07,False,GI Wire,10.0,0.45,75343.01,-14124.23,0.0,0.9,False
VS07,False,HR Coils,13.0,0.61,141630.71,23195.46,0.0,1.62,False
VS07,False,Hex Bars,8.0,0.59,126758.04,20318.51,0.0,0.88,False
VS07,False,MS Flats,12.0,0.5,100284.22,-684.82,0.0,1.17,False
VS07,False,MS Pipes,8.0,0.51,48552.45,-5534.48,0.0,1.75,False
VS07,False,MS Rods,13.0,0.4,106005.61,-24038.23,0.0,1.15,False
VS07,False,MS Sheets,7.0,0.39,55438.51,-17615.39,0.0,1.43,False
VS07,False,SS Pipes,5.0,0.71,66315.17,15684.01,0.0,1.4,False
VS07,False,SS Sheets,9.0,0.61,96563.27,12295.07,0.0,2.0,False
VS07,False,Spring Steel,8.0,0.37,48499.06,-22375.95,0.0,1.88,False
VS07,False,Square/Rect Tubes,8.0,0.54,107646.61,6330.58,0.0,1.62,False
VS07,False,Structural Steel,9.0,0.53,107084.03,12378.28,0.0,1.89,False
VS07,True,Fasteners & Fittings,13.0,0.32,84844.34,-49259.42,0.0,2.0,False
VS08,False,CR Sheets,8.0,0.39,69265.96,-19006.88,0.0,1.75,False
VS08,False,ERW Pipes,7.0,0.51,78076.23,5754.95,0.0,1.57,False
VS08,False,Fasteners & Fittings,15.0,0.42,99780.64,-29670.68,0.0,1.47,False
VS08,False,GI Pipes,3.0,0.41,28997.75,-7377.68,0.0,1.0,True
VS08,False,GI Wire,10.0,0.57,98972.13,10341.87,0.0,1.3,False
VS08,False,HR Coils,8.0,0.44,46549.83,-16369.63,0.0,2.0,False
VS08,False,Hex Bars,13.0,0.45,137636.45,-18940.02,0.0,0.85,False
VS08,False,MS Flats,5.0,0.41,77574.23,-19285.8,0.0,1.4,False
VS08,False,MS Pipes,9.0,0.38,78869.93,-33216.69,0.0,1.11,False
VS08,False,MS Rods,9.0,0.59,97816.75,9654.01,0.0,1.44,False
VS08,False,MS Sheets,13.0,0.54,195156.27,5245.14,0.0,1.92,False
VS08,False,SS Pipes,7.0,0.49,92278.38,-1735.32,0.0,1.14,False
VS08,False,Spring Steel,16.0,0.54,188006.12,19132.21,0.0,1.88,False
VS08,False,Square/Rect Tubes,9.0,0.44,81995.58,-19025.77,0.0,1.11,False
VS08,False,Structural Steel,8.0,0.52,97631.18,1289.49,0.0,1.62,False
VS08,True,Angles & Channels,7.0,0.59,110454.79,13359.63,0.0,1.71,False
VS08,True,GI Sheets,7.0,0.4,68005.21,-27234.31,0.0,1.71,False
VS08,True,SS Sheets,17.0,0.58,166187.92,21312.97,0.0,1.35,False
VS09,False,Angles & Channels,6.0,0.2,32208.21,-52464.87,0.0,1.33,False
VS09,False,CR Sheets,5.0,0.72,20924.56,5488.03,0.0,1.8,False
VS09,False,ERW Pipes,9.0,0.46,111025.75,-6947.35,0.0,1.67,False
VS09,False,Fasteners & Fittings,8.0,0.52,117940.46,19172.59,0.0,1.75,False
VS09,False,GI Pipes,3.0,0.68,29359.37,3354.78,0.0,2.0,True
VS09,False,GI Sheets,9.0,0.49,102166.2,-10910.67,0.0,1.67,False
VS09,False,GI Wire,8.0,0.21,38454.82,-56653.72,0.0,1.75,False
VS09,False,Hex Bars,13.0,0.52,120992.56,-5356.9,0.0,1.31,False
VS09,False,MS Flats,10.0,0.42,109511.97,-28697.74,0.0,1.3,False
VS09,False,MS Pipes,9.0,0.48,112563.35,-3311.28,0.0,1.33,False
VS09,False,MS Rods,10.0,0.2,32701.33,-43604.13,0.0,1.2,False
VS09,False,MS Sheets,5.0,0.32,26016.05,-16183.88,0.0,2.0,False
VS09,False,SS Sheets,8.0,0.58,82639.12,8001.59,0.0,1.5,False
VS09,False,Spring Steel,8.0,0.48,99710.36,-465.17,0.0,0.5,False
VS09,False,Square/Rect Tubes,5.0,0.5,69966.07,7338.22,0.0,1.6,False
VS09,False,Structural Steel,10.0,0.58,101653.92,9002.5,0.0,1.2,False
VS09,True,HR Coils,10.0,0.41,78908.91,-14607.47,0.0,2.3,False
VS09,True,SS Pipes,13.0,0.54,131817.69,5711.32,0.0,1.85,False
VS10,False,CR Sheets,9.0,0.52,77083.54,-3966.12,0.0,1.11,False
VS10,False,ERW Pipes,6.0,0.46,62015.76,-533.85,0.0,1.17,False
VS10,False,Fasteners & Fittings,11.0,0.51,119058.0,-2907.45,0.0,1.27,False
VS10,False,GI Pipes,8.0,0.69,95065.93,22078.55,0.0,1.88,False
VS10,False,GI Sheets,7.0,0.52,86549.46,1727.44,0.0,1.29,False
VS10,False,GI Wire,8.0,0.75,115657.45,37000.8,0.0,1.12,False
VS10,False,HR Coils,9.0,0.58,137615.92,13682.82,0.0,1.22,False
VS10,False,Hex Bars,3.0,0.4,29034.9,-11618.79,0.0,1.0,True
VS10,False,MS Flats,5.0,0.62,95356.89,12926.85,0.0,1.4,False
VS10,False,MS Pipes,9.0,0.58,80193.56,5373.91,0.0,1.67,False
VS10,False,MS Rods,12.0,0.58,92574.99,9214.77,0.0,1.42,False
VS10,False,SS Pipes,8.0,0.5,92511.5,-6259.36,0.0,2.5,False
VS10,False,SS Sheets,11.0,0.58,140919.81,15101.99,0.0,1.82,False
VS10,False,Spring Steel,8.0,0.43,83749.13,-27282.07,0.0,1.38,False
VS10,False,Square/Rect Tubes,11.0,0.46,119703.79,-10844.1,0.0,1.55,False
VS10,False,Structural Steel,8.0,0.46,72327.05,-16124.42,0.0,1.62,False
VS10,True,Angles & Channels,7.0,0.72,112398.89,34552.5,0.0,1.14,False
VS10,True,MS Sheets,9.0,0.37,38393.5,-15266.18,0.0,2.22,False
VS11,False,Angles & Channels,7.0,0.4,48246.04,-14668.01,0.0,1.43,False
VS11,False,CR Sheets,6.0,0.43,44873.06,-15821.0,0.0,2.0,False
VS11,False,ERW Pipes,9.0,0.66,119132.88,30072.68,0.0,1.67,False
VS11,False,Fasteners & Fittings,8.0,0.53,91475.31,5265.79,0.0,2.0,False
VS11,False,GI Pipes,13.0,0.39,66260.24,-21098.21,0.0,1.38,False
VS11,False,GI Sheets,2.0,0.71,42881.82,13035.29,0.0,2.0,True
VS11,False,GI Wire,8.0,0.52,75275.44,1999.53,0.0,1.12,False
VS11,False,Hex Bars,9.0,0.69,175649.2,43328.87,0.0,1.0,False
VS11,False,MS Flats,9.0,0.42,77358.48,-19455.75,0.0,1.44,False
VS11,False,MS Pipes,10.0,0.55,95212.93,7814.85,0.0,1.5,False
VS11,False,MS Rods,13.0,0.51,119428.76,-5808.42,0.0,1.46,False
VS11,False,SS Sheets,7.0,0.48,55954.52,-4685.43,0.0,1.57,False
VS11,False,Spring Steel,4.0,0.42,57116.66,-11448.88,0.0,2.75,True
VS11,False,Square/Rect Tubes,7.0,0.25,21022.79,-15361.63,0.0,1.86,False
VS11,False,Structural Steel,4.0,0.59,49590.84,10627.35,0.0,2.0,True
VS11,True,HR Coils,6.0,0.59,59625.15,4850.34,0.0,2.17,False
VS11,True,MS Sheets,3.0,0.45,20298.97,-1154.22,0.0,1.0,True
VS11,True,SS Pipes,11.0,0.39,113033.31,-38410.48,0.0,1.82,False
VS12,False,Angles & Channels,4.0,3.54,295914.85,253417.87,169736.95,5.75,True
VS12,False,CR Sheets,6.0,3.19,283914.73,238811.34,191930.43,4.83,False
VS12,False,ERW Pipes,9.0,3.66,514298.35,443502.32,197537.82,4.56,False
VS12,False,Fasteners & Fittings,6.0,3.63,451476.34,386783.15,388551.01,6.0,False
VS12,False,GI Pipes,8.0,3.5,804229.75,689134.13,435713.8,3.25,False
VS12,False,GI Sheets,9.0,3.7,717384.91,618456.43,404845.88,4.33,False
VS12,False,GI Wire,5.0,3.36,347743.03,295289.84,355475.06,6.4,False
VS12,False,Hex Bars,6.0,4.01,329966.89,287105.14,296682.54,4.0,False
VS12,False,MS Pipes,7.0,3.0,443462.85,365799.16,257164.21,6.71,False
VS12,False,MS Rods,9.0,4.01,1179076.66,1028823.83,771433.03,5.22,False
VS12,False,MS Sheets,12.0,3.81,895219.08,775430.71,575435.81,5.75,False
VS12,False,SS Pipes,9.0,3.01,793411.54,665234.66,947423.69,4.78,False
VS12,False,SS Sheets,7.0,3.37,475391.68,407750.77,268826.64,6.43,False
VS12,False,Square/Rect Tubes,5.0,2.93,246258.53,201261.96,218279.22,5.4,False
VS12,False,Structural Steel,8.0,3.65,675186.87,574699.52,394106.09,5.75,False
VS12,True,HR Coils,13.0,3.42,1213410.43,1025692.51,966041.08,4.08,False
VS12,True,MS Flats,11.0,3.75,1017562.94,880320.51,719879.29,5.36,False
VS12,True,Spring Steel,13.0,4.0,1250696.42,1089268.23,669704.62,4.77,False
VS13,False,Angles & Channels,11.0,0.61,188332.4,28797.91,0.0,1.27,False
VS13,False,ERW Pipes,6.0,0.49,47360.38,-5888.49,0.0,1.5,False
VS13,False,Fasteners & Fittings,7.0,0.51,81759.62,11082.94,0.0,1.86,False
VS13,False,GI Pipes,5.0,0.64,100109.21,17999.12,0.0,1.8,False
VS13,False,GI Sheets,6.0,0.45,65675.47,-10462.05,0.0,2.0,False
VS13,False,GI Wire,1.0,0.35,7631.92,-3643.09,0.0,2.0,True
VS13,False,HR Coils,8.0,0.51,111555.61,4847.31,0.0,1.38,False
VS13,False,Hex Bars,6.0,0.48,66814.74,3432.89,0.0,1.83,False
VS13,False,MS Flats,5.0,0.76,102053.05,32432.49,0.0,1.0,False
VS13,False,MS Pipes,10.0,0.24,33004.97,-40314.05,0.0,1.2,False
VS13,False,MS Sheets,7.0,0.64,93961.79,17739.34,0.0,1.14,False
VS13,False,SS Pipes,5.0,0.72,67726.37,21130.92,0.0,2.0,False
VS13,False,SS Sheets,8.0,0.41,63963.63,-13825.44,0.0,2.5,False
VS13,False,Spring Steel,5.0,0.64,58824.18,14662.26,0.0,1.6,False
VS13,False,Square/Rect Tubes,8.0,0.46,77154.95,-915.79,0.0,1.12,False
VS13,False,Structural Steel,5.0,0.45,40610.73,-4957.47,0.0,1.6,False
VS13,True,CR Sheets,7.0,0.73,101181.39,30704.21,0.0,1.43,False
VS13,True,MS Rods,9.0,0.52,110390.22,-3121.84,0.0,1.89,False
VS14,False,Angles & Channels,12.0,0.35,60933.88,-29449.11,0.0,1.25,False
VS14,False,CR Sheets,8.0,0.43,86185.86,-6482.56,0.0,1.5,False
VS14,False,ERW Pipes,7.0,0.73,101291.1,28967.3,0.0,2.14,False
VS14,False,Fasteners & Fittings,7.0,0.32,47132.04,-30076.76,0.0,1.14,False
VS14,False,GI Pipes,9.0,0.59,94224.12,10757.31,0.0,1.67,False
VS14,False,GI Sheets,8.0,0.45,87803.04,-19364.77,0.0,1.38,False
VS14,False,GI Wire,7.0,0.54,100021.78,8663.37,0.0,1.71,False
VS14,False,HR Coils,6.0,0.71,72213.21,19052.65,0.0,2.5,False
VS14,False,Hex Bars,6.0,0.4,53390.34,-14562.32,0.0,1.33,False
VS14,False,MS Flats,9.0,0.43,94796.29,-21025.02,0.0,2.22,False
VS14,False,MS Pipes,5.0,0.28,42847.54,-29765.33,0.0,1.4,False
VS14,False,MS Rods,9.0,0.62,71888.17,11309.57,0.0,1.44,False
VS14,False,MS Sheets,5.0,0.67,19216.6,4211.79,0.0,1.2,False
VS14,False,SS Pipes,7.0,0.32,39782.43,-23534.66,0.0,2.29,False
VS14,False,SS Sheets,9.0,0.68,148198.43,39960.31,0.0,1.67,False
VS14,False,Spring Steel,6.0,0.29,24122.34,-19371.37,0.0,1.67,False
VS14,False,Square/Rect Tubes,12.0,0.31,52124.22,-32074.02,0.0,1.0,False
VS14,True,Structural Steel,12.0,0.47,109400.98,-3614.48,0.0,1.5,False
VS15,False,Angles & Channels,5.0,0.76,80622.46,25993.08,0.0,1.4,False
VS15,False,CR Sheets,11.0,0.58,91355.24,4268.95,0.0,1.0,False
VS15,False,ERW Pipes,8.0,0.52,74563.92,5002.12,0.0,0.88,False
VS15,False,Fasteners & Fittings,10.0,0.51,119370.23,1623.92,0.0,1.9,False
VS15,False,GI Pipes,7.0,0.64,59947.25,10778.02,0.0,1.57,False
VS15,False,GI Sheets,7.0,0.52,92286.55,5073.63,0.0,1.29,False
VS15,False,GI Wire,9.0,0.48,90836.81,-13836.36,0.0,1.78,False
VS15,False,Hex Bars,11.0,0.51,87921.99,-596.97,0.0,1.27,False
VS15,False,MS Flats,11.0,0.51,148333.28,-1788.71,0.0,2.09,False
VS15,False,MS Pipes,9.0,0.49,103130.12,1009.52,0.0,1.78,False
VS15,False,MS Rods,7.0,0.51,78636.73,-7724.43,0.0,1.14,False
VS15,False,MS Sheets,9.0,0.71,64848.56,18223.32,0.0,1.67,False
VS15,False,SS Pipes,12.0,0.43,118410.75,-17742.16,0.0,1.42,False
VS15,False,SS Sheets,5.0,0.65,67061.79,21170.44,0.0,1.0,False
VS15,False,Spring Steel,8.0,0.51,121792.93,12337.38,0.0,0.88,False
VS15,False,Square/Rect Tubes,8.0,0.65,94951.06,20237.55,0.0,0.88,False
VS15,False,Structural Steel,2.0,0.65,31395.25,1234.6,0.0,2.5,True
VS15,True,HR Coils,13.0,0.44,108664.17,141.76,0.0,1.46,False
VS16,False,CR Sheets,4.0,0.59,27484.07,4474.71,0.0,2.0,True
VS16,False,ERW Pipes,5.0,0.45,40990.55,-4095.77,0.0,2.0,False
VS16,False,Fasteners & Fittings,4.0,0.57,94639.32,13378.53,0.0,1.75,True
VS16,False,GI Pipes,10.0,0.36,68767.91,-34810.99,0.0,1.6,False
VS16,False,GI Sheets,6.0,0.43,62437.98,-8453.86,0.0,1.83,False
VS16,False,GI Wire,13.0,0.7,205347.5,59017.81,0.0,1.54,False
VS16,False,Hex Bars,12.0,0.4,103541.88,-11355.75,0.0,2.17,False
VS16,False,MS Flats,8.0,0.52,99696.22,-7914.82,0.0,2.38,False
VS16,False,MS Pipes,7.0,0.29,40999.87,-41158.31,0.0,1.0,False
VS16,False,MS Sheets,7.0,0.38,70539.84,-31806.01,0.0,1.0,False
VS16,False,SS Pipes,8.0,0.48,73598.16,-1271.97,0.0,1.38,False
VS16,False,SS Sheets,8.0,0.56,67782.38,2277.14,0.0,1.88,False
VS16,False,Spring Steel,8.0,0.65,144871.68,38580.22,0.0,1.38,False
VS16,False,Square/Rect Tubes,6.0,0.58,80711.0,3108.47,0.0,1.5,False
VS16,False,Structural Steel,9.0,0.34,69359.26,-37143.43,0.0,1.33,False
VS16,True,Angles & Channels,5.0,0.66,71534.07,13638.94,0.0,2.0,False
VS16,True,HR Coils,6.0,0.21,31520.02,-32733.57,0.0,1.67,False
VS16,True,MS Rods,7.0,0.46,69399.36,-3315.46,0.0,2.57,False
VS17,False,Angles & Channels,5.0,0.24,26677.3,-23506.95,0.0,1.4,False
VS17,False,CR Sheets,2.0,0.5,33470.54,-852.92,0.0,1.5,True
VS17,False,Fasteners & Fittings,4.0,0.61,34097.57,5037.32,0.0,1.75,True
VS17,False,GI Pipes,6.0,0.6,68967.88,11637.3,0.0,1.17,False
VS17,False,GI Sheets,4.0,0.8,64394.68,22794.67,0.0,1.0,True
VS17,False,GI Wire,5.0,0.55,41362.24,4039.57,0.0,1.0,False
VS17,False,HR Coils,8.0,0.42,81035.33,-22863.48,0.0,2.0,False
VS17,False,Hex Bars,6.0,0.45,64612.57,-18315.15,0.0,1.17,False
VS17,False,MS Flats,7.0,0.51,70928.68,2186.8,0.0,2.0,False
VS17,False,MS Pipes,8.0,0.51,75115.92,-635.13,0.0,1.75,False
VS17,False,MS Rods,10.0,0.61,147720.26,26360.69,0.0,1.7,False
VS17,False,MS Sheets,11.0,0.57,122089.97,14253.07,0.0,1.36,False
VS17,False,SS Pipes,8.0,0.53,94625.12,4443.98,0.0,1.75,False
VS17,False,SS Sheets,7.0,0.48,67127.16,-1099.94,0.0,1.29,False
VS17,False,Spring Steel,14.0,0.51,145627.8,-10397.19,0.0,1.57,False
VS17,False,Square/Rect Tubes,5.0,0.56,68849.16,7427.45,0.0,1.6,False
VS17,False,Structural Steel,8.0,0.57,72808.87,4861.4,0.0,0.75,False
VS17,True,ERW Pipes,5.0,0.67,100357.93,34611.44,0.0,1.6,False
VS18,False,Angles & Channels,2.0,0.77,30830.06,9922.75,0.0,0.5,True
VS18,False,CR Sheets,7.0,0.44,84512.1,-3351.39,0.0,1.43,False
VS18,False,ERW Pipes,4.0,0.41,43962.0,-9999.82,0.0,1.5,True
VS18,False,Fasteners & Fittings,5.0,0.47,29051.16,-5117.05,0.0,2.0,False
VS18,False,GI Pipes,12.0,0.67,167477.76,35982.07,0.0,1.5,False
VS18,False,GI Sheets,3.0,0.52,41337.66,-5193.21,0.0,2.67,True
VS18,False,GI Wire,10.0,0.46,103147.71,-19621.64,0.0,1.5,False
VS18,False,HR Coils,8.0,0.45,62838.91,-17119.08,0.0,1.62,False
VS18,False,MS Flats,10.0,0.52,97476.57,2663.5,0.0,1.3,False
VS18,False,MS Pipes,6.0,0.4,66731.32,-21067.72,0.0,1.17,False
VS18,False,MS Sheets,7.0,0.67,142972.12,32736.55,0.0,1.14,False
VS18,False,SS Sheets,4.0,0.26,25635.79,-22008.78,0.0,2.25,True
VS18,False,Spring Steel,9.0,0.62,122584.6,20219.11,0.0,1.22,False
VS18,False,Square/Rect Tubes,11.0,0.56,139824.56,16675.14,0.0,1.55,False
VS18,False,Structural Steel,5.0,0.35,25113.17,-13914.21,0.0,1.2,False
VS18,True,Hex Bars,6.0,0.43,58443.13,-7072.68,0.0,1.33,False
VS18,True,MS Rods,13.0,0.53,140413.48,9120.43,0.0,1.46,False
VS18,True,SS Pipes,10.0,0.63,160320.38,25978.53,0.0,1.8,False
VS19,False,Angles & Channels,5.0,3.57,273740.87,235195.66,94715.23,5.2,False
VS19,False,Fasteners & Fittings,5.0,2.98,371541.71,309149.68,371728.94,5.6,False
VS19,False,GI Pipes,7.0,4.25,681090.75,600904.01,281778.77,4.57,False
VS19,False,GI Sheets,7.0,2.75,212596.92,173437.63,226716.55,4.57,False
VS19,False,GI Wire,10.0,3.63,967700.08,831160.28,607171.96,5.0,False
VS19,False,HR Coils,8.0,3.12,573414.92,478666.97,361158.08,3.88,False
VS19,False,Hex Bars,4.0,3.57,385061.63,331928.5,205738.93,5.25,True
VS19,False,MS Flats,9.0,3.09,521552.73,432883.35,417620.43,5.11,False
VS19,False,MS Rods,10.0,3.59,669763.17,575675.5,531223.54,5.6,False
VS19,False,MS Sheets,8.0,4.05,858335.74,749692.87,482878.68,5.12,False
VS19,False,SS Pipes,6.0,2.9,354233.88,293315.43,345784.45,4.17,False
VS19,False,SS Sheets,7.0,3.6,682193.17,582347.73,493420.43,5.14,False
VS19,False,Spring Steel,9.0,3.85,593518.26,513828.68,392264.3,5.44,False
VS19,False,Square/Rect Tubes,10.0,3.34,645822.79,550105.0,653631.79,5.3,False
VS19,False,Structural Steel,5.0,3.37,351843.1,298062.17,292641.3,4.8,False
VS19,True,CR Sheets,12.0,3.99,1134916.96,991734.46,668463.2,4.5,False
VS19,True,ERW Pipes,9.0,3.35,721605.0,609697.58,591724.47,5.11,False
VS19,True,MS Pipes,10.0,4.12,590650.73,516038.02,389585.59,5.7,False
VS20,False,Angles & Channels,8.0,0.45,90041.71,-12518.39,0.0,1.75,False
VS20,False,CR Sheets,10.0,0.38,84244.51,-36505.67,0.0,2.1,False
VS20,False,ERW Pipes,5.0,0.16,14485.97,-34461.92,0.0,1.4,False
VS20,False,GI Pipes,10.0,0.48,82766.04,-3701.59,0.0,1.2,False
VS20,False,GI Sheets,8.0,0.57,130484.58,15460.04,0.0,1.62,False
VS20,False,GI Wire,7.0,0.26,31446.98,-41249.96,0.0,1.43,False
VS20,False,HR Coils,5.0,0.39,32492.34,-17875.32,0.0,2.2,False
VS20,False,Hex Bars,7.0,0.48,77796.43,-4673.21,0.0,1.71,False
VS20,False,MS Flats,10.0,0.32,80424.18,-37301.36,0.0,1.7,False
VS20,False,MS Pipes,8.0,0.54,95780.6,6215.95,0.0,2.0,False
VS20,False,MS Rods,7.0,0.59,85527.06,16160.42,0.0,2.0,False
VS20,False,SS Pipes,14.0,0.56,169037.81,19623.96,0.0,1.14,False
VS20,False,SS Sheets,1.0,0.16,962.27,-2126.91,0.0,0.0,True
VS20,False,Spring Steel,7.0,0.59,81209.96,10687.39,0.0,1.29,False
VS20,False,Square/Rect Tubes,6.0,0.66,106806.21,20838.54,0.0,1.5,False
VS20,False,Structural Steel,10.0,0.49,117209.85,-7210.87,0.0,0.8,False
VS20,True,Fasteners & Fittings,9.0,0.36,57990.08,-33450.33,0.0,1.67,False
VS20,True,MS Sheets,9.0,0.59,146450.11,17700.44,0.0,1.44,False
VS21,False,Angles & Channels,10.0,0.42,83969.84,-3873.35,0.0,1.4,False
VS21,False,CR Sheets,9.0,0.56,129088.02,13065.04,0.0,1.22,False
VS21,False,Fasteners & Fittings,10.0,0.69,150625.16,39829.72,0.0,1.5,False
VS21,False,GI Pipes,10.0,0.61,102298.45,12881.31,0.0,1.6,False
VS21,False,GI Wire,10.0,0.4,93065.94,-19765.64,0.0,2.1,False
VS21,False,HR Coils,7.0,0.4,36279.01,-12815.58,0.0,0.57,False
VS21,False,Hex Bars,7.0,0.36,52480.56,-4723.83,0.0,1.71,False
VS21,False,MS Flats,3.0,0.6,36552.79,10223.86,0.0,2.33,True
VS21,False,MS Pipes,6.0,0.38,45621.95,-18938.25,0.0,1.83,False
VS21,False,MS Rods,6.0,0.3,32937.27,-23237.04,0.0,1.0,False
VS21,False,MS Sheets,13.0,0.51,136703.78,1177.4,0.0,1.77,False
VS21,False,SS Pipes,6.0,0.43,44444.18,-23473.96,0.0,1.67,False
VS21,False,Spring Steel,7.0,0.3,62185.9,-31479.04,0.0,1.57,False
VS21,False,Square/Rect Tubes,7.0,0.63,114164.43,22236.51,0.0,1.57,False
VS21,False,Structural Steel,7.0,0.36,38887.37,-25373.11,0.0,1.14,False
VS21,True,ERW Pipes,7.0,0.52,114960.85,5079.74,0.0,1.29,False
VS21,True,GI Sheets,8.0,0.37,53738.53,-18487.24,0.0,1.12,False
VS21,True,SS Sheets,7.0,0.51,101023.82,3519.17,0.0,2.0,False
VS22,False,Angles & Channels,11.0,0.5,112640.48,3074.68,0.0,1.91,False
VS22,False,CR Sheets,3.0,0.54,32935.67,1932.79,0.0,0.33,True
VS22,False,ERW Pipes,2.0,0.4,18682.46,-5963.31,0.0,1.5,True
VS22,False,Fasteners & Fittings,10.0,0.37,79372.65,-31933.32,0.0,2.3,False
VS22,False,GI Pipes,9.0,0.45,71220.71,-3229.15,0.0,1.44,False
VS22,False,GI Sheets,7.0,0.56,99165.5,13381.29,0.0,2.43,False
VS22,False,GI Wire,8.0,0.44,87181.79,-10193.73,0.0,1.75,False
VS22,False,HR Coils,13.0,0.42,98186.85,-19872.26,0.0,1.69,False
VS22,False,Hex Bars,6.0,0.47,77852.46,-4845.71,0.0,1.67,False
VS22,False,MS Rods,7.0,0.34,68337.75,-25929.99,0.0,1.71,False
VS22,False,MS Sheets,6.0,0.49,81053.02,240.96,0.0,1.67,False
VS22,False,SS Pipes,10.0,0.5,126256.25,5229.35,0.0,1.7,False
VS22,False,SS Sheets,9.0,0.5,75320.26,-9835.32,0.0,2.33,False
VS22,False,Spring Steel,4.0,0.54,59238.19,-1270.95,0.0,1.5,True
VS22,False,Square/Rect Tubes,10.0,0.61,66842.8,7693.96,0.0,1.4,False
VS22,True,MS Flats,6.0,0.43,36414.61,-7466.85,0.0,1.17,False
VS22,True,MS Pipes,4.0,0.35,22502.85,-12163.27,0.0,1.75,True
VS22,True,Structural Steel,3.0,0.14,5822.62,-15403.12,0.0,1.33,True
VS23,False,Angles & Channels,6.0,0.45,72650.74,-11312.98,0.0,1.33,False
VS23,False,CR Sheets,3.0,0.46,21096.07,-4184.19,0.0,1.33,True
VS23,False,ERW Pipes,6.0,0.4,52925.97,-18319.81,0.0,0.83,False
VS23,False,Fasteners & Fittings,11.0,0.42,70186.46,-18586.33,0.0,2.18,False
VS23,False,GI Pipes,7.0,0.52,48567.35,418.7,0.0,1.86,False
VS23,False,GI Sheets,6.0,0.5,57939.66,-4373.38,0.0,1.67,False
VS23,False,GI Wire,4.0,0.35,39942.62,-16072.3,0.0,2.0,True
VS23,False,Hex Bars,9.0,0.61,89132.68,12782.16,0.0,1.44,False
VS23,False,MS Flats,5.0,0.74,65280.74,21100.26,0.0,1.0,False
VS23,False,MS Pipes,10.0,0.55,135036.5,5799.61,0.0,0.9,False
VS23,False,MS Rods,7.0,0.52,68753.01,1058.74,0.0,2.0,False
VS23,False,MS Sheets,8.0,0.75,189859.11,58958.91,0.0,2.0,False
VS23,False,SS Pipes,14.0,0.45,131359.78,-15363.63,0.0,1.14,False
VS23,False,SS Sheets,10.0,0.55,43317.01,4239.27,0.0,1.2,False
VS23,False,Spring Steel,7.0,0.55,63976.96,4714.28,0.0,1.14,False
VS23,False,Square/Rect Tubes,5.0,0.29,26089.37,-19817.49,0.0,1.6,False
VS23,False,Structural Steel,4.0,0.25,27947.72,-23473.79,0.0,1.0,True
VS23,True,HR Coils,6.0,0.71,54877.91,15008.01,0.0,1.0,False
VS24,False,Angles & Channels,5.0,0.79,67597.72,24498.6,0.0,1.4,False
VS24,False,CR Sheets,7.0,0.55,75662.81,6477.6,0.0,0.71,False
VS24,False,ERW Pipes,7.0,0.33,40826.16,-23674.91,0.0,1.14,False
VS24,False,Fasteners & Fittings,11.0,0.47,96775.89,-3761.41,0.0,2.18,False
VS24,False,GI Pipes,9.0,0.52,125687.33,2643.44,0.0,0.89,False
VS24,False,GI Sheets,2.0,0.91,26388.12,11612.17,0.0,1.5,True
VS24,False,GI Wire,6.0,0.31,33974.91,-20644.39,0.0,2.0,False
VS24,False,HR Coils,6.0,0.42,46481.8,-7436.54,0.0,0.67,False
VS24,False,Hex Bars,7.0,0.45,45297.36,-7035.58,0.0,1.14,False
VS24,False,MS Flats,10.0,0.69,130011.53,33948.31,0.0,1.7,False
VS24,False,MS Pipes,5.0,0.82,69954.49,26283.55,0.0,1.8,False
VS24,False,MS Rods,9.0,0.44,79890.95,-8524.63,0.0,1.0,False
VS24,False,MS Sheets,10.0,0.38,68945.03,-20732.27,0.0,1.8,False
VS24,False,SS Pipes,4.0,0.41,46395.73,-10872.09,0.0,2.0,True
VS24,False,SS Sheets,9.0,0.46,93206.9,-3440.97,0.0,2.22,False
VS24,False,Square/Rect Tubes,7.0,0.39,55379.8,-30989.32,0.0,2.0,False
VS24,False,Structural Steel,10.0,0.59,136070.41,4119.63,0.0,1.7,False
VS24,True,Spring Steel,12.0,0.32,95666.26,-62482.86,0.0,1.83,False
VS25,False,Angles & Channels,7.0,0.33,31796.43,-14635.45,0.0,1.0,False
VS25,False,ERW Pipes,7.0,0.5,51301.46,-2625.31,0.0,1.14,False
VS25,False,Fasteners & Fittings,4.0,0.41,33933.49,-9003.48,0.0,0.75,True
VS25,False,GI Pipes,9.0,0.4,66540.4,-39184.97,0.0,1.22,False
VS25,False,GI Sheets,6.0,0.24,22821.85,-26195.11,0.0,1.17,False
VS25,False,HR Coils,7.0,0.47,76976.43,-8162.04,0.0,1.14,False
VS25,False,Hex Bars,6.0,0.51,71231.31,615.19,0.0,1.5,False
VS25,False,MS Flats,10.0,0.51,131046.53,8015.68,0.0,1.3,False
VS25,False,MS Pipes,14.0,0.52,151825.29,-4816.7,0.0,1.36,False
VS25,False,MS Rods,11.0,0.48,102517.87,-3886.58,0.0,1.45,False
VS25,False,SS Pipes,7.0,0.62,83367.26,15562.3,0.0,1.43,False
VS25,False,SS Sheets,10.0,0.52,131931.67,455.98,0.0,1.8,False
VS25,False,Spring Steel,7.0,0.44,77167.39,-16733.43,0.0,1.71,False
VS25,False,Square/Rect Tubes,14.0,0.48,137560.77,-11561.72,0.0,1.36,False
VS25,False,Structural Steel,9.0,0.68,128492.05,27172.06,0.0,1.89,False
VS25,True,CR Sheets,6.0,0.43,71834.01,-5732.92,0.0,1.0,False
VS25,True,GI Wire,6.0,0.39,35540.14,-9887.82,0.0,1.67,False
VS25,True,MS Sheets,8.0,0.57,112806.0,12117.64,0.0,1.38,False
VS26,False,CR Sheets,8.0,0.44,80630.9,-16307.36,0.0,2.5,False
VS26,False,ERW Pipes,8.0,0.84,158847.62,61427.13,0.0,2.25,False
VS26,False,GI Pipes,13.0,0.53,131422.58,5211.53,0.0,1.38,False
VS26,False,GI Sheets,9.0,0.51,69670.37,2503.5,0.0,0.78,False
VS26,False,GI Wire,6.0,0.55,79008.0,3062.71,0.0,2.17,False
VS26,False,HR Coils,8.0,0.63,83392.3,17775.37,0.0,1.75,False
VS26,False,Hex Bars,6.0,0.5,76926.34,-4797.93,0.0,1.5,False
VS26,False,MS Flats,9.0,0.54,116907.57,834.63,0.0,2.22,False
VS26,False,MS Pipes,8.0,0.45,89516.8,-19677.66,0.0,1.38,False
VS26,False,MS Rods,7.0,0.5,28241.17,-2660.84,0.0,0.71,False
VS26,False,MS Sheets,12.0,0.45,137922.23,-26773.82,0.0,1.33,False
VS26,False,SS Pipes,6.0,0.55,63865.53,2735.16,0.0,1.17,False
VS26,False,SS Sheets,10.0,0.63,168239.27,40085.65,0.0,1.9,False
VS26,False,Spring Steel,9.0,0.6,134949.5,18077.26,0.0,1.89,False
VS26,False,Square/Rect Tubes,14.0,0.53,155042.66,12137.93,0.0,1.57,False
VS26,False,Structural Steel,4.0,0.37,28713.27,-6675.36,0.0,1.75,True
VS26,True,Angles & Channels,13.0,0.59,138538.12,19738.87,0.0,1.54,False
VS26,True,Fasteners & Fittings,5.0,0.43,42239.42,-7922.38,0.0,2.2,False
VS27,False,Angles & Channels,5.0,0.49,60537.97,5525.25,0.0,0.8,False
VS27,False,CR Sheets,7.0,0.47,48015.29,-497.97,0.0,1.71,False
VS27,False,ERW Pipes,8.0,0.33,39209.19,-23337.71,0.0,2.12,False
VS27,False,Fasteners & Fittings,7.0,0.56,81077.01,9994.23,0.0,1.71,False
VS27,False,GI Pipes,8.0,0.59,129973.87,14636.13,0.0,1.5,False
VS27,False,GI Sheets,4.0,0.74,79774.73,24739.63,0.0,2.0,True
VS27,False,GI Wire,5.0,0.61,37371.38,6142.49,0.0,1.0,False
VS27,False,HR Coils,9.0,0.52,53377.31,1804.68,0.0,1.22,False
VS27,False,Hex Bars,3.0,0.78,66343.18,22993.99,0.0,1.33,True
VS27,False,MS Flats,10.0,0.65,138603.27,26950.83,0.0,1.9,False
VS27,False,MS Pipes,5.0,0.22,20941.02,-33613.2,0.0,1.8,False
VS27,False,MS Rods,8.0,0.54,46184.16,171.07,0.0,2.12,False
VS27,False,MS Sheets,9.0,0.7,162691.75,43788.87,0.0,1.89,False
VS27,False,SS Sheets,5.0,0.48,49366.92,-3147.3,0.0,1.6,False
VS27,False,Spring Steel,7.0,0.45,73329.26,-13950.93,0.0,2.0,False
VS27,False,Square/Rect Tubes,7.0,0.43,78186.72,-19970.92,0.0,2.0,False
VS27,False,Structural Steel,8.0,0.69,145512.92,37453.85,0.0,1.75,False
VS27,True,SS Pipes,7.0,0.41,53942.2,-10795.5,0.0,2.14,False
VS28,False,Angles & Channels,6.0,0.33,52444.95,-32182.56,0.0,1.5,False
VS28,False,CR Sheets,11.0,0.58,136979.66,18812.02,0.0,1.64,False
VS28,False,ERW Pipes,7.0,0.7,113052.4,26852.16,0.0,2.29,False
VS28,False,Fasteners & Fittings,11.0,0.6,175654.38,29216.93,0.0,1.55,False
VS28,False,GI Pipes,5.0,0.52,71301.12,7519.86,0.0,2.2,False
VS28,False,GI Sheets,4.0,0.15,14564.69,-28758.35,0.0,1.75,True
VS28,False,GI Wire,7.0,0.42,54271.01,-12223.14,0.0,2.14,False
VS28,False,Hex Bars,7.0,0.25,42006.1,-33884.34,0.0,1.86,False
VS28,False,MS Flats,8.0,0.39,53578.96,-24681.57,0.0,2.12,False
VS28,False,MS Rods,12.0,0.48,120050.41,-4449.41,0.0,1.5,False
VS28,False,MS Sheets,14.0,0.37,99079.69,-50849.08,0.0,1.64,False
VS28,False,SS Sheets,10.0,0.51,71630.16,-3140.66,0.0,1.8,False
VS28,False,Spring Steel,5.0,0.35,30003.13,-8104.4,0.0,2.6,False
VS28,False,Square/Rect Tubes,10.0,0.53,75251.35,2817.76,0.0,2.0,False
VS28,False,Structural Steel,9.0,0.36,74987.72,-27076.03,0.0,1.56,False
VS28,True,HR Coils,5.0,0.68,53983.4,10549.68,0.0,2.4,False
VS28,True,MS Pipes,10.0,0.46,99065.68,-6394.62,0.0,1.6,False
VS28,True,SS Pipes,9.0,0.26,25102.17,-31365.95,0.0,1.44,False
VS29,False,Angles & Channels,8.0,0.58,134175.64,19930.58,0.0,1.5,False
VS29,False,CR Sheets,12.0,0.44,114698.91,-10000.79,0.0,1.17,False
VS29,False,ERW Pipes,7.0,0.53,70045.22,7705.95,0.0,1.86,False
VS29,False,Fasteners & Fittings,5.0,0.58,75834.87,13235.64,0.0,1.4,False
VS29,False,GI Pipes,5.0,0.6,44319.03,6018.08,0.0,1.6,False
VS29,False,GI Sheets,13.0,0.49,107804.41,-6040.48,0.0,2.15,False
VS29,False,GI Wire,10.0,0.62,110959.46,18361.26,0.0,1.2,False
VS29,False,HR Coils,6.0,0.45,62237.21,-5574.99,0.0,1.67,False
VS29,False,Hex Bars,4.0,0.54,41429.23,4119.19,0.0,1.25,True
VS29,False,MS Pipes,14.0,0.64,135789.85,23561.82,0.0,1.14,False
VS29,False,MS Rods,5.0,0.54,42906.46,1976.67,0.0,0.8,False
VS29,False,MS Sheets,9.0,0.28,47221.36,-52732.92,0.0,1.44,False
VS29,False,SS Pipes,10.0,0.55,119000.67,14030.01,0.0,1.0,False
VS29,False,SS Sheets,11.0,0.41,103394.92,-18970.32,0.0,0.91,False
VS29,False,Spring Steel,7.0,0.24,23365.77,-43404.51,0.0,0.86,False
VS29,False,Square/Rect Tubes,9.0,0.61,138388.79,22321.37,0.0,1.44,False
VS29,False,Structural Steel,7.0,0.52,78564.12,5491.26,0.0,1.57,False
VS29,True,MS Flats,7.0,0.6,91910.04,16407.75,0.0,1.71,False
VS30,False,Angles & Channels,8.0,0.5,81034.02,-5036.56,0.0,1.62,False
VS30,False,CR Sheets,10.0,0.69,141717.7,38575.94,0.0,1.1,False
VS30,False,ERW Pipes,3.0,0.55,44867.81,4096.47,0.0,1.0,True
VS30,False,Fasteners & Fittings,3.0,0.59,45938.28,8874.72,0.0,1.67,True
VS30,False,GI Pipes,7.0,0.42,41986.32,-17411.96,0.0,1.43,False
VS30,False,GI Wire,7.0,0.59,106171.35,10555.95,0.0,2.0,False
VS30,False,HR Coils,3.0,0.27,25680.12,-22876.63,0.0,2.67,True
VS30,False,Hex Bars,6.0,0.45,73989.16,-7441.28,0.0,2.5,False
VS30,False,MS Flats,13.0,0.38,130360.83,-41690.89,0.0,1.85,False
VS30,False,MS Pipes,13.0,0.47,106736.96,-5999.56,0.0,1.38,False
VS30,False,MS Rods,9.0,0.47,71899.3,-3398.97,0.0,2.22,False
VS30,False,MS Sheets,9.0,0.47,84298.4,-343.38,0.0,2.44,False
VS30,False,SS Pipes,10.0,0.38,66973.16,-22856.95,0.0,2.2,False
VS30,False,SS Sheets,10.0,0.33,56268.53,-21981.97,0.0,1.1,False
VS30,False,Spring Steel,12.0,0.47,147928.85,-17042.68,0.0,1.83,False
VS30,True,GI Sheets,8.0,0.59,81668.77,12782.55,0.0,2.0,False
VS30,True,Square/Rect Tubes,8.0,0.55,122586.4,8986.8,0.0,2.0,False
VS30,True,Structural Steel,14.0,0.6,137359.73,26569.62,0.0,1.43,False
VS31,False,Angles & Channels,7.0,0.33,29586.15,-11865.46,0.0,1.43,False
VS31,False,CR Sheets,9.0,0.43,106789.64,-16372.45,0.0,1.67,False
VS31,False,Fasteners & Fittings,8.0,0.44,113502.97,-12960.16,0.0,1.0,False
VS31,False,GI Pipes,6.0,0.58,87637.62,9081.53,0.0,1.67,False
VS31,False,GI Wire,11.0,0.43,111351.53,-23874.24,0.0,1.73,False
VS31,False,HR Coils,10.0,0.47,87307.96,-18410.35,0.0,1.7,False
VS31,False,Hex Bars,5.0,0.47,71198.28,694.81,0.0,2.2,False
VS31,False,MS Flats,6.0,0.47,50586.4,-9339.7,0.0,0.83,False
VS31,False,MS Pipes,5.0,0.67,60156.5,14635.19,0.0,1.4,False
VS31,False,MS Rods,3.0,0.43,23555.22,-7440.52,0.0,1.0,True
VS31,False,MS Sheets,6.0,0.38,56761.03,-13786.99,0.0,1.0,False
VS31,False,SS Pipes,8.0,0.6,84180.77,11004.12,0.0,1.38,False
VS31,False,SS Sheets,8.0,0.66,83399.06,20768.23,0.0,1.75,False
VS31,False,Spring Steel,11.0,0.41,84562.66,-13995.09,0.0,1.0,False
VS31,False,Square/Rect Tubes,8.0,0.49,93421.47,-9780.95,0.0,1.62,False
VS31,False,Structural Steel,5.0,0.35,40772.38,-20364.1,0.0,1.6,False
VS31,True,ERW Pipes,7.0,0.6,67115.94,6823.42,0.0,1.43,False
VS31,True,GI Sheets,9.0,0.35,96841.33,-38202.27,0.0,1.44,False
VS32,False,Angles & Channels,6.0,0.52,81168.25,7736.61,0.0,1.67,False
VS32,False,CR Sheets,8.0,0.4,84965.01,-19337.42,0.0,1.25,False
VS32,False,ERW Pipes,12.0,0.33,69682.59,-53980.75,0.0,1.0,False
VS32,False,GI Sheets,8.0,0.51,60997.19,-3776.89,0.0,1.88,False
VS32,False,GI Wire,13.0,0.3,91776.43,-69468.97,0.0,1.38,False
VS32,False,HR Coils,12.0,0.43,92703.71,-21679.27,0.0,2.08,False
VS32,False,Hex Bars,6.0,0.44,55848.81,-12950.51,0.0,2.0,False
VS32,False,MS Flats,8.0,0.55,103055.95,3279.36,0.0,1.75,False
VS32,False,MS Pipes,10.0,0.51,88427.05,-1986.59,0.0,1.9,False
VS32,False,MS Rods,9.0,0.44,81742.6,-19733.2,0.0,1.22,False
VS32,False,MS Sheets,6.0,0.41,82423.36,-11376.89,0.0,1.67,False
VS32,False,SS Pipes,4.0,0.19,18122.75,-29588.71,0.0,1.5,True
VS32,False,SS Sheets,8.0,0.49,94067.39,-14986.11,0.0,1.75,False
VS32,False,Spring Steel,12.0,0.52,126495.01,-3014.83,0.0,1.33,False
VS32,False,Square/Rect Tubes,6.0,0.55,44732.85,-975.16,0.0,1.17,False
VS32,False,Structural Steel,6.0,0.38,27198.82,-10013.68,0.0,1.83,False
VS32,True,Fasteners & Fittings,10.0,0.44,74087.37,-12773.2,0.0,1.9,False
VS32,True,GI Pipes,4.0,0.45,36057.78,-9750.59,0.0,1.25,True
VS33,False,Angles & Channels,8.0,0.42,80270.91,-20091.74,0.0,1.62,False
VS33,False,CR Sheets,8.0,0.53,58883.43,-6898.31,0.0,1.0,False
VS33,False,Fasteners & Fittings,3.0,0.48,38072.28,-3582.85,0.0,1.67,True
VS33,False,GI Pipes,2.0,0.48,22260.04,378.39,0.0,2.5,True
VS33,False,GI Sheets,5.0,0.35,33490.6,-13704.66,0.0,2.0,False
VS33,False,GI Wire,9.0,0.51,125005.88,-602.33,0.0,1.56,False
VS33,False,Hex Bars,8.0,0.56,130388.98,10425.38,0.0,1.5,False
VS33,False,MS Pipes,2.0,0.58,20792.02,1842.28,0.0,3.0,True
VS33,False,MS Rods,13.0,0.48,120982.99,-3820.0,0.0,1.54,False
VS33,False,MS Sheets,11.0,0.43,69673.45,-5356.66,0.0,1.18,False
VS33,False,SS Pipes,9.0,0.52,76369.08,-2778.51,0.0,1.56,False
VS33,False,SS Sheets,10.0,0.58,127528.21,16371.66,0.0,0.9,False
VS33,False,Spring Steel,6.0,0.49,71576.19,-6396.46,0.0,0.67,False
VS33,False,Square/Rect Tubes,7.0,0.39,41783.2,-9004.8,0.0,1.29,False
VS33,False,Structural Steel,7.0,0.5,71581.2,2439.46,0.0,1.86,False
VS33,True,ERW Pipes,9.0,0.33,48255.03,-28013.48,0.0,2.0,False
VS33,True,HR Coils,9.0,0.48,107137.28,-1353.6,0.0,2.11,False
VS33,True,MS Flats,5.0,0.59,91142.13,14026.36,0.0,2.0,False
VS34,False,Angles & Channels,7.0,0.65,104091.49,21230.96,0.0,1.43,False
VS34,False,CR Sheets,11.0,0.43,87270.4,-18432.17,0.0,1.09,False
VS34,False,ERW Pipes,8.0,0.44,56661.22,-8784.57,0.0,1.88,False
VS34,False,Fasteners & Fittings,7.0,0.52,110734.77,3230.07,0.0,2.29,False
VS34,False,GI Pipes,5.0,0.7,33276.26,7850.72,0.0,1.4,False
VS34,False,GI Sheets,6.0,0.52,99824.03,2669.35,0.0,0.83,False
VS34,False,HR Coils,14.0,0.55,138561.43,10742.45,0.0,2.14,False
VS34,False,Hex Bars,6.0,0.55,73468.13,2271.31,0.0,1.67,False
VS34,False,MS Flats,12.0,0.42,113716.88,-25388.5,0.0,1.33,False
VS34,False,MS Pipes,5.0,0.35,31908.69,-16662.3,0.0,0.6,False
VS34,False,MS Rods,15.0,0.64,233127.51,47612.44,0.0,2.2,False
VS34,False,MS Sheets,5.0,0.44,26586.91,-7149.44,0.0,1.4,False
VS34,False,SS Pipes,7.0,0.36,43057.82,-24247.8,0.0,0.86,False
VS34,False,SS Sheets,8.0,0.48,101118.79,1832.12,0.0,1.38,False
VS34,False,Spring Steel,5.0,0.72,89144.98,25170.94,0.0,1.4,False
VS34,False,Square/Rect Tubes,8.0,0.52,44986.7,-7952.61,0.0,1.38,False
VS34,False,Structural Steel,6.0,0.4,56714.4,-13629.45,0.0,1.67,False
VS34,True,GI Wire,9.0,0.55,122670.0,14186.09,0.0,1.89,False
